Year,Month,Day,Weekday,High,Low,Close,High_ch_pc_sdbf,Low_ch_pc_sdbf,Close_ch_pc_sdbf,High_ch_tot_sdbf,Low_Ch_tot_sdbf,Close_Ch_tot_sdbf,Streak,Bestmove
2021,10,15,4,2318.79,2298.75,2314.98,0.89%,0.73%,0.79%,20.69,16.74,18.21,5,2.00
2021,10,14,3,2298.1,2282.01,2296.77,0.74%,2.03%,0.86%,17.12,46.34,19.82,4,2.00
2021,10,13,2,2280.98,2235.67,2276.95,1.25%,1.39%,1.14%,28.58,31.05,25.94,3,2.00
2021,10,12,1,2252.4,2204.62,2251.01,0.78%,-0.49%,0.78%,17.66,-10.74,17.49,2,2.00
2021,10,11,0,2234.74,2215.36,2233.52,-1.10%,-0.87%,-0.30%,-24.55,-19.36,-6.7,1,3.00
2021,10,8,4,2259.29,2234.72,2240.22,-0.05%,-0.14%,-0.78%,-1.19,-3.05,-17.52,-2,1.00
2021,10,7,3,2260.48,2237.77,2257.74,0.91%,1.53%,1.62%,20.65,34.19,36.68,-1,0.00
2021,10,6,2,2239.83,2203.58,2221.06,-0.67%,-0.91%,-1.52%,-15.01,-20.08,-33.78,1,3.00
2021,10,5,1,2254.84,2223.66,2254.84,0.02%,-0.22%,0.96%,0.46,-4.86,21.54,-1,0.00
2021,10,4,0,2254.38,2228.52,2233.3,-0.10%,0.46%,-0.93%,-2.21,10.32,-20.88,1,3.00
2021,10,1,4,2256.59,2218.2,2254.18,-0.96%,-1.41%,-0.22%,-21.6,-31.26,-5,-2,1.00
2021,9,30,3,2278.19,2249.46,2259.18,0.13%,-0.03%,0.16%,2.88,-0.73,3.63,-1,0.00
2021,9,29,2,2275.31,2250.19,2255.55,-1.08%,-0.15%,0.07%,-24.53,-3.47,1.53,2,2.00
2021,9,28,1,2299.84,2253.66,2254.02,-1.47%,-2.08%,-2.22%,-33.81,-46.92,-49.99,1,3.00
2021,9,27,0,2333.65,2300.58,2304.01,0.05%,-0.37%,-0.40%,1.27,-8.53,-9.26,-3,1.00
2021,9,24,4,2332.38,2309.11,2313.27,-0.33%,-0.34%,-1.07%,-7.72,-7.88,-24.73,-2,1.00
2021,9,23,3,2340.1,2316.99,2338,1.59%,1.40%,1.66%,37.28,32.49,38.85,-1,0.00
2021,9,22,2,2302.82,2284.5,2299.15,0.36%,0.48%,1.06%,8.37,11.06,24.27,3,2.00
2021,9,21,1,2294.45,2273.44,2274.88,-0.23%,0.71%,0.11%,-5.36,16.12,2.42,2,2.00
2021,9,20,0,2299.81,2257.32,2272.46,-2.66%,-2.84%,-2.25%,-61.22,-64.15,-51.09,1,3.00
2021,9,17,4,2361.03,2321.47,2323.55,0.28%,-0.31%,-0.88%,6.54,-7.16,-20.48,-2,1.00
2021,9,16,3,2354.49,2328.63,2344.03,0.49%,0.43%,0.82%,11.63,10,19.28,-1,0.00
2021,9,15,2,2342.86,2318.63,2324.75,0.01%,-0.35%,-0.73%,0.14,-8.04,-17.02,1,3.00
2021,9,14,1,2342.72,2326.67,2341.77,-0.66%,-0.37%,0.27%,-15.51,-8.56,6.43,-1,0.00
2021,9,13,0,2358.23,2335.23,2335.34,-0.26%,-0.53%,-0.61%,-6.07,-12.28,-14.33,1,3.00
2021,9,10,4,2364.3,2347.51,2349.67,-0.14%,0.85%,-0.16%,-3.41,19.94,-3.72,-2,1.00
2021,9,9,3,2367.71,2327.57,2353.39,0.20%,-0.59%,0.26%,4.83,-13.79,6.23,-1,0.00
2021,9,8,2,2362.88,2341.36,2347.16,-1.33%,-1.21%,-1.31%,-31.31,-28.44,-30.78,1,3.00
2021,9,7,1,2394.19,2369.8,2377.94,-0.17%,-0.33%,-0.69%,-3.96,-7.77,-16.32,-2,1.00
2021,9,6,0,2398.15,2377.57,2394.26,0.22%,0.33%,1.02%,5.18,7.84,24.53,-1,0.00
2021,9,3,4,2392.97,2369.73,2369.73,0.12%,0.00%,-0.79%,2.78,0.07,-18.67,1,3.00
2021,9,2,3,2390.19,2369.66,2388.4,0.62%,0.53%,0.83%,14.9,12.67,19.73,-1,0.00
2021,9,1,2,2375.29,2356.99,2368.67,-0.19%,0.40%,0.74%,-4.54,9.38,17.42,2,2.00
2021,8,31,1,2379.83,2347.61,2351.25,-0.04%,-0.81%,-0.92%,-0.96,-19,-21.56,1,3.00
2021,8,30,0,2380.79,2366.61,2372.81,0.20%,0.10%,-0.01%,4.76,2.26,-0.33,-2,1.00
2021,8,27,4,2376.03,2364.35,2373.14,0.06%,0.10%,0.06%,1.36,2.45,1.44,-1,0.00
2021,8,26,3,2374.67,2361.9,2371.7,-0.08%,-0.02%,-0.19%,-1.94,-0.43,-4.46,1,3.00
2021,8,25,2,2376.61,2362.33,2376.16,-0.19%,0.16%,0.38%,-4.57,3.75,9.11,-1,0.00
2021,8,24,1,2381.18,2358.58,2367.05,0.07%,0.10%,-0.19%,1.61,2.3,-4.5,1,3.00
2021,8,23,0,2379.57,2356.28,2371.55,0.62%,1.56%,0.47%,14.76,36.75,11.05,-1,0.00
2021,8,20,4,2364.81,2319.53,2360.5,0.61%,0.23%,1.28%,14.36,5.45,30.2,2,2.00
2021,8,19,3,2350.45,2314.08,2330.3,-1.84%,-2.33%,-1.76%,-43.19,-53.9,-41.07,1,3.00
2021,8,18,2,2393.64,2367.98,2371.37,0.31%,0.21%,-0.51%,7.33,4.87,-12.08,-2,1.00
2021,8,17,1,2386.31,2363.11,2383.45,-0.45%,-0.23%,0.42%,-10.77,-5.55,9.9,-1,0.00
2021,8,16,0,2397.08,2368.66,2373.55,-0.65%,-1.48%,-1.41%,-15.54,-35.14,-33.49,1,3.00
2021,8,13,4,2412.62,2403.8,2407.04,0.26%,0.35%,0.06%,6.31,8.33,1.51,-1,0.00
2021,8,12,3,2406.31,2395.47,2405.53,0.08%,0.30%,0.17%,1.95,7.17,4.04,5,2.00
2021,8,11,2,2404.36,2388.3,2401.49,0.38%,0.11%,0.32%,9.08,2.54,7.75,4,2.00
2021,8,10,1,2395.28,2385.76,2393.74,0.40%,0.76%,0.38%,9.58,18.25,8.98,3,2.00
2021,8,9,0,2385.7,2367.51,2384.76,-0.45%,-0.51%,0.18%,-10.71,-12.17,4.3,2,2.00
2021,8,6,4,2396.41,2379.68,2380.46,-0.30%,-0.45%,-0.56%,-7.26,-10.71,-13.22,1,3.00
2021,8,5,3,2403.67,2390.39,2393.68,0.27%,0.34%,0.02%,6.38,8.09,0.58,-1,0.00
2021,8,4,2,2397.29,2382.3,2393.1,0.56%,0.49%,0.54%,13.54,11.65,12.96,2,2.00
2021,8,3,1,2383.75,2370.65,2380.14,-0.38%,-0.17%,-0.06%,-8.94,-4.06,-1.52,1,3.00
2021,8,2,0,2392.69,2374.71,2381.66,0.78%,0.91%,0.49%,18.7,21.57,11.77,-1,0.00
2021,7,30,4,2373.99,2353.14,2369.89,-0.78%,-1.13%,-0.60%,-18.47,-26.63,-14.3,1,3.00
2021,7,29,3,2392.46,2379.77,2384.19,0.32%,0.26%,0.10%,7.69,6.15,2.3,-1,0.00
2021,7,28,2,2384.77,2373.62,2381.89,-0.04%,0.28%,0.25%,-0.95,6.63,5.92,2,2.00
2021,7,27,1,2385.72,2366.99,2375.97,-0.30%,-0.34%,-0.49%,-7.04,-8.12,-11.69,1,3.00
2021,7,26,0,2392.76,2375.11,2387.66,0.33%,0.73%,0.12%,7.96,17.27,2.97,-1,0.00
2021,7,23,4,2384.8,2357.84,2384.69,1.16%,0.71%,1.36%,27.66,16.82,32.34,5,2.00
2021,7,22,3,2357.14,2341.02,2352.35,0.78%,1.04%,0.76%,18.41,24.24,17.98,4,2.00
2021,7,21,2,2338.73,2316.78,2334.37,1.22%,1.50%,1.32%,28.53,34.85,30.83,3,2.00
2021,7,20,1,2310.2,2281.93,2303.54,-0.88%,0.06%,0.70%,-20.28,1.39,16.08,2,2.00
2021,7,19,0,2330.48,2280.54,2287.46,-1.05%,-2.26%,-2.24%,-24.58,-51.58,-51.34,1,3.00
2021,7,16,4,2355.06,2332.12,2338.8,-0.42%,-0.24%,-0.24%,-9.93,-5.69,-5.69,-3,1.00
2021,7,15,3,2364.99,2337.81,2344.49,0.27%,-0.03%,-0.51%,6.31,-0.61,-11.85,-2,1.00
2021,7,14,2,2358.68,2338.42,2356.34,0.23%,0.20%,0.30%,5.38,4.73,7.15,-1,0.00
2021,7,13,1,2353.3,2333.69,2349.19,0.65%,0.88%,0.49%,15.2,20.48,11.46,4,2.00
2021,7,12,0,2338.1,2313.21,2337.73,0.72%,0.61%,0.78%,16.75,14.19,18.2,3,2.00
2021,7,9,4,2321.35,2299.02,2319.53,0.01%,0.87%,1.28%,0.12,19.9,29.59,2,2.00
2021,7,8,3,2321.23,2279.12,2289.94,-0.21%,-0.90%,-1.58%,-4.84,-20.61,-36.13,1,3.00
2021,7,7,2,2326.07,2299.73,2326.07,0.57%,0.64%,1.61%,13.3,14.69,37.37,-1,0.00
2021,7,6,1,2312.77,2285.04,2288.7,0.58%,0.57%,-0.45%,13.45,13.1,-10.37,1,3.00
2021,7,5,0,2299.32,2271.94,2299.07,0.01%,-0.35%,0.44%,0.31,-7.93,10.14,-1,0.00
2021,7,2,4,2299.01,2279.87,2288.93,0.85%,1.12%,0.66%,19.52,25.45,15.04,3,2.00
2021,7,1,3,2279.49,2254.42,2273.89,-0.28%,0.24%,0.47%,-6.36,5.4,10.76,2,2.00
2021,6,30,2,2285.85,2249.02,2263.13,0.15%,-0.32%,-0.73%,3.52,-7.29,-16.62,1,3.00
2021,6,29,1,2282.33,2256.31,2279.75,0.23%,0.10%,1.03%,5.35,2.29,23.41,-1,0.00
2021,6,28,0,2276.98,2254.02,2256.34,0.24%,0.39%,-0.65%,5.44,8.8,-14.6,1,3.00
2021,6,24,3,2271.54,2245.22,2270.94,-0.16%,0.13%,1.26%,-3.59,2.98,28.7,-1,0.00
2021,6,23,2,2275.13,2242.24,2242.24,0.05%,-0.51%,-1.15%,1.04,-11.4,-25.76,1,3.00
2021,6,22,1,2274.09,2253.64,2268,0.18%,1.17%,0.09%,4.02,26.39,2.13,-1,0.00
2021,6,21,0,2270.07,2227.25,2265.87,-0.70%,-0.81%,0.79%,-15.78,-17.95,17.85,2,2.00
2021,6,18,4,2285.85,2245.2,2248.02,0.08%,-1.08%,-1.10%,1.86,-24.35,-24.79,1,3.00
2021,6,17,3,2283.99,2269.55,2272.81,-0.41%,-0.19%,-0.60%,-9.29,-4.24,-13.6,-2,1.00
2021,6,16,2,2293.28,2273.79,2286.41,-0.21%,-0.19%,0.28%,-4.83,-4.36,6.34,-1,0.00
2021,6,15,1,2298.11,2278.15,2280.07,-0.10%,0.15%,-0.20%,-2.27,3.5,-4.57,1,3.00
2021,6,14,0,2300.38,2274.65,2284.64,0.83%,0.50%,0.26%,18.98,11.32,6.04,-1,0.00
2021,6,11,4,2281.4,2263.33,2278.6,0.36%,0.12%,0.47%,8.15,2.81,10.68,2,2.00
2021,6,10,3,2273.25,2260.52,2267.92,-0.22%,-0.19%,-0.19%,-5,-4.32,-4.37,1,3.00
2021,6,9,2,2278.25,2264.84,2272.29,-0.15%,0.14%,-0.11%,-3.32,3.24,-2.59,-2,1.00
2021,6,8,1,2281.57,2261.6,2274.88,0.07%,-0.18%,0.32%,1.56,-4.1,7.17,-1,0.00
2021,6,7,0,2280.01,2265.7,2267.71,-0.30%,0.14%,-0.16%,-6.84,3.26,-3.72,1,3.00
2021,6,4,4,2286.85,2262.44,2271.43,0.56%,0.61%,-0.08%,12.83,13.76,-1.92,-2,1.00
2021,6,3,3,2274.02,2248.68,2273.35,-0.08%,-0.48%,0.20%,-1.73,-10.76,4.55,-1,0.00
2021,6,2,2,2275.75,2259.44,2268.8,0.03%,0.38%,0.19%,0.76,8.68,4.27,3,2.00
2021,6,1,1,2274.99,2250.76,2264.53,0.67%,0.39%,1.00%,15.35,8.89,22.66,2,2.00
2021,5,31,0,2259.64,2241.87,2241.87,0.03%,0.04%,-0.61%,0.71,0.98,-13.58,1,3.00
2021,5,28,4,2258.93,2240.89,2255.45,0.33%,0.87%,0.49%,7.41,19.5,10.99,-1,0.00
2021,5,27,3,2251.52,2221.39,2244.46,-0.05%,0.03%,0.77%,-1.05,0.74,17.39,2,2.00
2021,5,26,2,2252.57,2220.65,2227.07,-0.08%,-0.93%,-0.72%,-1.85,-20.74,-16.1,1,3.00
2021,5,25,1,2254.42,2241.39,2243.17,0.26%,0.25%,-0.08%,5.94,5.62,-1.87,-2,1.00
2021,5,24,0,2248.48,2235.77,2245.04,-0.04%,0.40%,0.19%,-0.98,8.88,4.2,-1,0.00
2021,5,21,4,2249.46,2226.89,2240.84,0.37%,1.01%,0.02%,8.29,22.42,0.56,3,2.00
2021,5,20,3,2241.17,2204.47,2240.28,0.65%,0.68%,1.73%,14.51,14.99,38.77,2,2.00
2021,5,19,2,2226.66,2189.48,2201.51,-1.24%,-2.29%,-2.19%,-27.64,-50.21,-48.17,1,3.00
2021,5,18,1,2254.3,2239.69,2249.68,0.03%,0.88%,0.86%,0.71,19.61,19.28,-1,0.00
2021,5,17,0,2253.59,2220.08,2230.4,0.22%,0.35%,-0.78%,4.86,7.72,-17.48,1,3.00
2021,5,14,4,2248.73,2212.36,2247.88,1.47%,0.95%,1.87%,33.04,20.92,42.09,-1,0.00
2021,5,12,2,2215.69,2191.44,2205.79,-1.53%,0.13%,0.55%,-33.94,2.93,12.03,2,2.00
2021,5,11,1,2249.63,2188.51,2193.76,-0.84%,-2.72%,-3.25%,-18.8,-59.55,-71.25,1,3.00
2021,5,10,0,2268.43,2248.06,2265.01,-0.04%,0.03%,0.22%,-1.01,0.62,4.88,-1,0.00
2021,5,7,4,2269.44,2247.44,2260.13,0.56%,0.89%,0.60%,12.64,20.09,13.52,2,2.00
2021,5,6,3,2256.8,2227.35,2246.61,0.06%,0.61%,-0.40%,1.27,13.63,-8.88,1,3.00
2021,5,5,2,2255.53,2213.72,2255.49,0.70%,1.00%,2.70%,15.84,22.24,60.91,-1,0.00
2021,5,4,1,2239.69,2191.48,2194.58,0.06%,-0.92%,-1.69%,1.28,-20.25,-37.01,1,3.00
2021,5,3,0,2238.41,2211.73,2231.59,-0.21%,-0.24%,0.65%,-4.71,-5.29,14.57,-1,0.00
2021,4,30,4,2243.12,2217.02,2217.02,-0.64%,-0.62%,-0.71%,-14.29,-13.81,-15.82,1,3.00
2021,4,29,3,2257.41,2230.83,2232.84,-0.39%,0.34%,-0.29%,-8.81,7.66,-6.41,-3,1.00
2021,4,28,2,2266.22,2223.17,2239.25,0.15%,-0.65%,-1.05%,3.38,-14.39,-23.59,-2,1.00
2021,4,27,1,2262.84,2237.56,2262.84,0.67%,0.13%,0.82%,15.16,2.98,18.48,-1,0.00
2021,4,26,0,2247.68,2234.58,2244.36,0.30%,0.62%,0.15%,6.65,13.86,3.41,5,2.00
2021,4,23,4,2241.03,2220.72,2240.95,-0.01%,-0.08%,0.38%,-0.32,-1.7,8.53,4,2.00
2021,4,22,3,2241.35,2222.42,2232.42,0.52%,0.53%,0.19%,11.69,11.75,4.13,3,2.00
2021,4,21,2,2229.66,2210.67,2228.29,-1.43%,0.60%,1.05%,-31.87,13.21,23.48,2,2.00
2021,4,20,1,2261.53,2197.46,2204.81,-1.03%,-2.68%,-2.39%,-23.31,-58.89,-52.79,1,3.00
2021,4,19,0,2284.84,2256.35,2257.6,0.19%,0.81%,-1.01%,4.34,18.2,-22.9,-2,1.00
2021,4,16,4,2280.5,2238.15,2280.5,1.51%,0.26%,1.65%,34.46,5.91,37.52,-1,0.00
2021,4,15,3,2246.04,2232.24,2242.98,0.00%,0.39%,0.66%,0,8.72,14.82,2,2.00
2021,4,14,2,2246.04,2223.52,2228.16,-0.19%,-0.34%,-0.85%,-4.21,-7.53,-19.05,1,3.00
2021,4,13,1,2250.25,2231.05,2247.21,0.17%,-0.03%,0.51%,3.82,-0.57,11.48,-1,0.00
2021,4,12,0,2246.43,2231.62,2235.73,-0.18%,-0.23%,-0.66%,-3.97,-5.19,-14.67,1,3.00
2021,4,9,4,2250.4,2236.81,2250.4,0.12%,0.03%,0.44%,2.74,0.67,10,-1,0.00
2021,4,8,3,2247.66,2236.14,2240.4,0.66%,0.66%,0.48%,14.85,14.83,10.84,2,2.00
2021,4,7,2,2232.81,2221.31,2229.56,0.11%,0.21%,-0.03%,2.54,4.74,-0.69,1,3.00
2021,4,6,1,2230.27,2216.57,2230.25,1.01%,1.20%,1.24%,22.59,26.53,27.64,-1,0.00
2021,4,1,3,2207.68,2190.04,2202.61,0.28%,0.06%,0.44%,6.22,1.31,9.75,2,2.00
2021,3,31,2,2201.46,2188.73,2192.86,-0.18%,0.16%,-0.57%,-4.02,3.4,-12.55,1,3.00
2021,3,30,1,2205.48,2185.33,2205.41,0.23%,0.23%,1.05%,5.08,5.04,23.2,-1,0.00
2021,3,29,0,2200.4,2180.29,2182.21,0.07%,0.14%,-0.76%,1.6,3.05,-16.59,1,3.00
2021,3,26,4,2198.8,2177.24,2198.8,0.66%,1.14%,1.16%,14.58,24.74,25.56,-1,0.00
2021,3,25,3,2184.22,2152.5,2173.24,-0.07%,-0.04%,-0.52%,-1.46,-0.86,-11.36,1,3.00
2021,3,24,2,2185.68,2153.36,2184.6,0.50%,0.13%,0.75%,11,2.85,16.48,-1,0.00
2021,3,23,1,2174.68,2150.51,2168.12,-0.19%,-0.02%,-0.30%,-4.07,-0.48,-6.51,1,3.00
2021,3,22,0,2178.75,2150.99,2174.63,-0.13%,-0.36%,0.25%,-2.87,-7.73,5.45,-1,0.00
2021,3,19,4,2181.62,2158.72,2169.18,-0.26%,-0.52%,-0.50%,-5.7,-11.29,-10.81,1,3.00
2021,3,18,3,2187.32,2170.01,2179.99,0.34%,0.15%,0.33%,7.48,3.2,7.13,-1,0.00
2021,3,17,2,2179.84,2166.81,2172.86,-0.21%,-0.25%,-0.34%,-4.62,-5.51,-7.28,1,3.00
2021,3,16,1,2184.46,2172.32,2180.14,-0.16%,0.63%,0.84%,-3.57,13.62,18.31,-1,0.00
2021,3,15,0,2188.03,2158.7,2161.83,0.87%,0.29%,-0.33%,19.07,6.32,-7.13,1,3.00
2021,3,12,4,2168.96,2152.38,2168.96,0.09%,0.57%,0.15%,1.86,12.23,3.3,-1,0.00
2021,3,11,3,2167.1,2140.15,2165.66,1.34%,1.25%,1.44%,29.04,26.65,31.2,5,2.00
2021,3,10,2,2138.06,2113.5,2134.46,0.61%,0.70%,0.45%,12.95,14.87,9.61,4,2.00
2021,3,9,1,2125.11,2098.63,2124.85,0.88%,2.00%,1.02%,18.68,41.96,21.75,3,2.00
2021,3,8,0,2106.43,2056.67,2103.1,1.80%,0.70%,2.59%,37.82,14.43,54.53,2,2.00
2021,3,5,4,2068.61,2042.24,2048.57,-0.27%,-0.61%,-0.81%,-5.68,-12.46,-16.58,1,3.00
2021,3,4,3,2074.29,2054.7,2065.15,-0.38%,-0.12%,-0.42%,-7.86,-2.46,-8.63,-2,1.00
2021,3,3,2,2082.15,2057.16,2073.78,0.35%,0.35%,0.32%,7.31,7.2,6.68,-1,0.00
2021,3,2,1,2074.84,2049.96,2067.1,0.97%,0.99%,0.60%,20.07,20.22,12.43,3,2.00
2021,3,1,0,2054.77,2029.74,2054.67,1.20%,1.43%,2.18%,24.65,29.12,44.77,2,2.00
2021,2,26,4,2030.12,2000.62,2009.9,-1.15%,-1.77%,-1.44%,-23.42,-35.34,-29.03,1,3.00
2021,2,25,3,2053.54,2035.96,2038.93,0.69%,1.18%,0.08%,14.15,24.08,1.68,-1,0.00
2021,2,24,2,2039.39,2011.88,2037.25,0.12%,0.92%,1.00%,2.53,18.6,20.42,2,2.00
2021,2,23,1,2036.86,1993.28,2016.83,0.13%,-1.18%,-0.70%,2.62,-23.51,-14.21,1,3.00
2021,2,22,0,2034.24,2016.79,2031.04,-0.13%,-0.04%,-0.29%,-2.73,-0.76,-5.93,-2,1.00
2021,2,19,4,2036.97,2017.55,2036.97,0.58%,0.50%,1.04%,11.88,10.07,21.16,-1,0.00
2021,2,18,3,2025.09,2007.48,2015.81,-0.50%,-0.22%,-0.07%,-10.08,-4.49,-1.45,1,3.00
2021,2,17,2,2035.17,2011.97,2017.26,-0.43%,-1.08%,-1.03%,-8.8,-21.79,-20.81,-3,1.00
2021,2,16,1,2043.97,2033.76,2038.07,0.11%,0.23%,-0.06%,2.27,4.68,-1.21,-2,1.00
2021,2,15,0,2041.7,2029.08,2039.28,0.78%,1.21%,0.71%,15.83,24.64,14.56,-1,0.00
2021,2,12,4,2025.87,2004.44,2024.72,0.78%,0.37%,0.72%,15.8,7.49,14.65,3,2.00
2021,2,11,3,2010.07,1996.95,2010.07,0.01%,0.56%,0.60%,0.13,11.21,12.01,2,2.00
2021,2,10,2,2009.94,1985.74,1998.06,0.23%,-0.32%,-0.06%,4.68,-6.43,-1.13,1,3.00
2021,2,9,1,2005.26,1992.17,1999.19,-0.07%,-0.21%,-0.17%,-1.42,-4.12,-3.33,-2,1.00
2021,2,8,0,2006.68,1996.29,2002.52,-0.08%,0.52%,0.66%,-1.54,10.34,13.18,-1,0.00
2021,2,5,4,2008.22,1985.95,1989.34,0.04%,-0.50%,-0.85%,0.83,-9.95,-16.99,1,3.00
2021,2,4,3,2007.39,1995.9,2006.33,0.08%,0.36%,0.43%,1.64,7.23,8.68,-1,0.00
2021,2,3,2,2005.75,1988.67,1997.65,0.59%,0.46%,0.46%,11.88,9.07,9.16,4,2.00
2021,2,2,1,1993.87,1979.6,1988.49,0.79%,1.28%,0.54%,15.72,25.28,10.68,3,2.00
2021,2,1,0,1978.15,1954.32,1977.81,-0.03%,0.31%,1.47%,-0.5,6.12,29.02,2,2.00
2021,1,29,4,1978.65,1948.2,1948.79,-0.02%,0.81%,-1.16%,-0.42,15.72,-22.61,1,3.00
2021,1,28,3,1979.07,1932.48,1971.4,-0.89%,-1.35%,-0.24%,-17.66,-26.17,-4.8,-3,1.00
2021,1,27,2,1996.73,1958.65,1976.2,-0.08%,-0.82%,-0.78%,-1.68,-16.15,-15.46,-2,1.00
2021,1,26,1,1998.41,1974.8,1991.66,-0.09%,0.20%,0.83%,-1.72,3.98,16.6,-1,0.00
2021,1,25,0,2000.13,1970.82,1975.06,0.65%,-0.19%,-0.57%,13.1,-3.66,-11.18,1,3.00
2021,1,22,4,1987.03,1974.48,1986.24,-0.47%,-0.29%,-0.05%,-9.41,-5.81,-1.02,-2,1.00
2021,1,21,3,1996.44,1980.29,1987.26,0.54%,0.67%,0.45%,10.69,13.23,8.89,-1,0.00
2021,1,20,2,1985.75,1967.06,1978.37,0.36%,0.55%,1.04%,7.12,10.73,20.52,2,2.00
2021,1,19,1,1978.63,1956.33,1957.85,0.73%,0.24%,-0.23%,14.49,4.65,-4.58,1,3.00
2021,1,18,0,1964.14,1951.68,1962.43,-0.48%,0.30%,0.39%,-9.46,5.84,7.72,-1,0.00
2021,1,15,4,1973.6,1945.84,1954.71,-0.06%,-0.92%,-0.90%,-1.19,-17.96,-17.51,1,3.00
2021,1,14,3,1974.79,1963.8,1972.22,0.46%,0.61%,0.51%,9.12,11.92,9.96,-1,0.00
2021,1,13,2,1965.67,1951.88,1962.26,0.26%,0.35%,0.19%,5.08,6.86,3.64,3,2.00
2021,1,12,1,1960.59,1945.02,1958.62,0.24%,0.31%,0.87%,4.68,5.95,17.13,2,2.00
2021,1,11,0,1955.91,1939.07,1941.49,0.03%,-0.21%,-0.41%,0.67,-4,-7.88,1,3.00
2021,1,8,4,1955.24,1943.07,1949.37,0.73%,0.93%,0.51%,14.23,18.04,9.88,-1,0.00
2021,1,7,3,1941.01,1925.03,1939.49,1.70%,2.06%,2.43%,32.94,39.7,47.14,2,2.00
2021,1,5,1,1908.07,1885.33,1892.35,-0.16%,-0.13%,-0.17%,-3.13,-2.49,-3.14,1,3.00
2021,1,4,0,1911.2,1887.82,1895.49,0.86%,0.69%,1.09%,16.51,13.08,20.75,-1,0.00
2020,12,30,2,1894.69,1874.74,1874.74,-0.41%,-0.72%,-0.98%,-7.71,-13.55,-18.32,1,3.00
2020,12,29,1,1902.4,1888.29,1893.06,0.78%,1.06%,0.35%,14.93,20.07,6.68,-1,0.00
2020,12,28,0,1887.47,1868.22,1886.38,1.03%,0.66%,0.97%,19.48,12.33,18.39,4,2.00
2020,12,23,2,1867.99,1855.89,1867.99,0.20%,0.40%,0.25%,3.8,7.43,4.71,3,2.00
2020,12,22,1,1864.19,1848.46,1863.28,-0.15%,0.77%,0.98%,-2.74,14.16,18.17,2,2.00
2020,12,21,0,1866.93,1834.3,1845.11,-1.68%,-2.55%,-2.26%,-31.29,-46.77,-41.77,1,3.00
2020,12,18,4,1898.22,1881.07,1886.88,-0.23%,-0.14%,0.09%,-4.46,-2.59,1.7,-1,0.00
2020,12,17,3,1902.68,1883.66,1885.18,-0.28%,0.19%,-0.38%,-5.33,3.56,-7.08,1,3.00
2020,12,16,2,1908.01,1880.1,1892.26,0.42%,0.20%,0.13%,8.03,3.82,2.42,-1,0.00
2020,12,15,1,1899.98,1876.28,1889.84,-0.43%,-0.63%,-0.04%,-8.25,-11.8,-0.81,1,3.00
2020,12,14,0,1908.23,1888.08,1890.65,0.62%,0.79%,-0.03%,11.84,14.86,-0.57,-4,1.00
2020,12,11,4,1896.39,1873.22,1891.22,-1.63%,-1.16%,-0.82%,-30.89,-21.66,-15.6,-3,1.00
2020,12,10,3,1927.28,1894.88,1906.82,-0.36%,-1.48%,-1.03%,-7.02,-28.09,-19.6,-2,1.00
2020,12,9,2,1934.3,1922.97,1926.42,0.45%,1.35%,0.05%,8.8,25.88,0.92,-1,0.00
2020,12,8,1,1925.5,1897.09,1925.5,0.29%,-0.28%,0.93%,5.5,-5.35,17.89,2,2.00
2020,12,7,0,1920,1902.44,1907.61,0.04%,-0.34%,-0.49%,0.69,-6.52,-9.33,1,3.00
2020,12,4,4,1919.31,1908.96,1916.94,-0.04%,0.25%,0.25%,-0.83,4.86,4.76,-1,0.00
2020,12,3,3,1920.14,1904.1,1912.18,-0.30%,-0.53%,-0.36%,-5.72,-10.01,-6.81,1,3.00
2020,12,2,2,1925.86,1914.11,1918.99,-0.10%,0.05%,-0.26%,-1.85,1.04,-5.01,-2,1.00
2020,12,1,1,1927.71,1913.07,1924,-0.38%,-0.20%,0.34%,-7.4,-3.8,6.46,-1,0.00
2020,11,30,0,1935.11,1916.87,1917.54,-0.19%,-0.37%,-1.02%,-3.6,-7.03,-19.55,1,3.00
2020,11,27,4,1938.71,1923.9,1937.09,-0.10%,-0.30%,0.26%,-1.99,-5.8,5.12,-1,0.00
2020,11,26,3,1940.7,1929.7,1931.97,-0.52%,0.11%,0.03%,-10.11,2.13,0.54,2,2.00
2020,11,25,2,1950.81,1927.57,1931.43,0.63%,0.02%,-0.35%,12.24,0.32,-6.71,1,3.00
2020,11,24,1,1938.57,1927.25,1938.14,-0.08%,0.28%,0.84%,-1.52,5.48,16.37,-1,0.00
2020,11,23,0,1940.09,1921.77,1921.77,0.37%,0.64%,-0.24%,7.1,12.22,-4.7,1,3.00
2020,11,20,4,1932.99,1909.55,1926.47,0.58%,0.25%,0.57%,11.24,4.68,11.07,-1,0.00
2020,11,19,3,1921.75,1904.87,1915.4,-0.35%,-0.32%,-0.37%,-6.82,-6.09,-7.13,1,3.00
2020,11,18,2,1928.57,1910.96,1922.53,0.17%,-0.01%,0.02%,3.25,-0.21,0.33,-1,0.00
2020,11,17,1,1925.32,1911.17,1922.2,-0.08%,0.49%,0.19%,-1.61,9.39,3.74,4,2.00
2020,11,16,0,1926.93,1901.78,1918.46,1.30%,1.03%,1.10%,24.99,19.56,21.16,3,2.00
2020,11,13,4,1901.94,1882.22,1897.3,-0.25%,-0.21%,0.26%,-4.84,-4,4.89,2,2.00
2020,11,12,3,1906.78,1886.22,1892.41,-0.08%,0.31%,-0.55%,-1.56,5.92,-10.48,1,3.00
2020,11,11,2,1908.34,1880.3,1902.89,0.79%,0.34%,0.91%,15.04,6.4,17.35,-1,0.00
2020,11,10,1,1893.3,1873.9,1885.54,-0.52%,1.64%,-0.17%,-9.88,30.82,-3.2,1,3.00
2020,11,9,0,1903.18,1843.08,1888.74,3.99%,2.25%,3.66%,75.95,41.41,69.22,-1,0.00
2020,11,6,4,1827.23,1801.67,1819.52,0.19%,-0.21%,-0.15%,3.4,-3.85,-2.69,1,3.00
2020,11,5,3,1823.83,1805.52,1822.21,1.25%,3.61%,1.46%,22.81,65.16,26.68,-1,0.00
2020,11,4,2,1801.02,1740.36,1795.53,1.45%,-0.99%,1.30%,26.04,-17.21,23.26,5,2.00
2020,11,3,1,1774.98,1757.57,1772.27,1.26%,2.70%,1.35%,22.45,47.45,23.85,4,2.00
2020,11,2,0,1752.53,1710.12,1748.42,1.70%,0.43%,1.76%,29.76,7.43,30.8,3,2.00
2020,10,30,4,1722.77,1702.69,1717.62,-0.64%,-0.12%,0.09%,-11.02,-2.11,1.59,2,2.00
2020,10,29,3,1733.79,1704.8,1716.03,-0.62%,-0.61%,-0.39%,-10.69,-10.44,-6.63,1,3.00
2020,10,28,2,1744.48,1715.24,1722.66,-2.34%,-2.45%,-2.40%,-40.84,-42.06,-41.35,-4,1.00
2020,10,27,1,1785.32,1757.3,1764.01,-1.32%,-1.00%,-0.62%,-23.61,-17.64,-11,-3,1.00
2020,10,26,0,1808.93,1774.94,1775.01,-1.17%,-2.22%,-2.53%,-21.16,-39.49,-44.93,-2,1.00
2020,10,23,4,1830.09,1814.43,1819.94,0.64%,1.25%,0.20%,11.79,22.62,3.65,-1,0.00
2020,10,22,3,1818.3,1791.81,1816.29,-1.72%,-1.33%,-0.24%,-31.31,-23.78,-4.43,1,3.00
2020,10,21,2,1849.61,1815.59,1820.72,-0.26%,-1.17%,-1.15%,-4.74,-21.16,-20.87,-3,1.00
2020,10,20,1,1854.35,1836.75,1841.59,0.16%,0.17%,0.00%,2.92,3.05,0,-2,1.00
2020,10,19,0,1851.43,1833.7,1841.59,0.53%,1.19%,0.34%,9.73,21.88,6.29,-1,0.00
2020,10,16,4,1841.7,1811.82,1835.3,0.90%,0.51%,1.22%,16.61,9.3,22.35,2,2.00
2020,10,15,3,1825.09,1802.52,1812.95,-1.31%,-1.72%,-1.54%,-23.91,-30.97,-27.9,1,3.00
2020,10,14,2,1849,1833.49,1840.85,-0.39%,0.07%,0.40%,-7.18,1.33,7.39,-1,0.00
2020,10,13,1,1856.18,1832.16,1833.46,-0.08%,-0.50%,-1.20%,-1.55,-9.1,-21.93,1,3.00
2020,10,12,0,1857.73,1841.26,1855.39,0.49%,0.27%,0.83%,9.17,4.96,15.32,-1,0.00
2020,10,9,4,1848.56,1836.3,1840.07,-0.12%,0.14%,-0.07%,-2.26,2.52,-1.33,1,3.00
2020,10,8,3,1850.82,1833.78,1841.4,-0.02%,-0.14%,0.12%,-0.32,-2.63,2.18,-1,0.00
2020,10,7,2,1851.14,1836.41,1839.22,-0.24%,0.14%,0.00%,-4.43,2.61,0.07,2,2.00
2020,10,6,1,1855.57,1833.8,1839.15,0.72%,0.30%,-0.03%,13.35,5.53,-0.53,1,3.00
2020,10,5,0,1842.22,1828.27,1839.68,1.41%,2.06%,1.41%,25.9,37.59,25.99,-1,0.00
2020,10,2,4,1816.32,1790.68,1813.69,-1.41%,-1.96%,-0.90%,-25.68,-35.11,-16.35,1,3.00
2020,10,1,3,1842,1825.79,1830.04,0.04%,0.27%,0.03%,0.71,4.99,0.64,-1,0.00
2020,9,30,2,1841.29,1820.8,1829.4,-0.05%,-0.38%,-0.39%,-1.01,-6.99,-7.2,1,3.00
2020,9,29,1,1842.3,1827.79,1836.6,0.29%,1.15%,0.11%,5.35,21.02,1.96,-1,0.00
2020,9,28,0,1836.95,1806.77,1834.64,2.60%,2.45%,2.77%,47.8,44.34,50.77,3,2.00
2020,9,25,4,1789.15,1762.43,1783.87,0.01%,-0.29%,0.36%,0.1,-5.04,6.36,2,2.00
2020,9,24,3,1789.05,1767.47,1777.51,-1.42%,-1.26%,-1.02%,-25.48,-22.23,-18.13,1,3.00
2020,9,23,2,1814.53,1789.7,1795.64,1.17%,0.72%,0.76%,21.17,12.85,13.72,-1,0.00
2020,9,22,1,1793.36,1776.85,1781.92,-1.61%,0.40%,0.63%,-28.96,7.13,11.31,2,2.00
2020,9,21,0,1822.32,1769.72,1770.61,-1.37%,-3.46%,-3.66%,-25.04,-61.27,-64.75,1,3.00
2020,9,18,4,1847.36,1830.99,1835.36,0.58%,0.85%,0.09%,10.76,15.59,1.61,-1,0.00
2020,9,17,3,1836.6,1815.4,1833.75,-0.15%,-0.31%,-0.25%,-2.84,-5.69,-4.51,1,3.00
2020,9,16,2,1839.44,1821.09,1838.26,0.55%,1.10%,1.06%,10.07,20.03,19.46,-1,0.00
2020,9,15,1,1829.37,1801.06,1818.8,0.68%,0.31%,0.89%,12.42,5.52,16.11,3,2.00
2020,9,14,0,1816.95,1795.54,1802.69,0.27%,0.19%,0.07%,4.95,3.33,1.23,2,2.00
2020,9,11,4,1812,1792.21,1801.46,-0.10%,-0.01%,-0.08%,-1.76,-0.22,-1.39,1,3.00
2020,9,10,3,1813.76,1792.43,1802.85,0.05%,0.73%,-0.54%,0.94,13.05,-9.73,-2,1.00
2020,9,9,2,1812.82,1779.38,1812.58,0.64%,0.62%,1.65%,11.57,10.95,29.98,-1,0.00
2020,9,8,1,1801.25,1768.43,1782.6,0.02%,-0.31%,-0.93%,0.34,-5.51,-16.66,1,3.00
2020,9,7,0,1800.91,1773.94,1799.26,0.49%,1.43%,2.07%,8.81,25.37,37.27,-1,0.00
2020,9,4,4,1792.1,1748.57,1761.99,-1.29%,-0.39%,0.08%,-23.14,-6.75,1.38,2,2.00
2020,9,3,3,1815.24,1755.32,1760.61,0.59%,-1.27%,-1.26%,10.74,-22.27,-22.25,1,3.00
2020,9,2,2,1804.5,1777.59,1782.86,1.00%,1.19%,0.75%,17.97,21.08,13.42,-1,0.00
2020,9,1,1,1786.53,1756.51,1769.44,-0.38%,-0.56%,0.18%,-6.76,-9.82,3.11,2,2.00
2020,8,31,0,1793.29,1766.33,1766.33,-0.24%,-0.24%,-0.58%,-4.23,-4.17,-10.24,1,3.00
2020,8,28,4,1797.52,1770.5,1776.57,-0.42%,-1.21%,-0.98%,-7.52,-21.41,-17.4,-3,1.00
2020,8,27,3,1805.04,1791.91,1793.97,0.37%,0.87%,-0.24%,6.73,15.58,-4.34,-2,1.00
2020,8,26,2,1798.31,1776.33,1798.31,-0.49%,-0.55%,0.67%,-8.89,-9.81,12.04,-1,0.00
2020,8,25,1,1807.2,1786.14,1786.27,0.84%,1.13%,-0.12%,15.1,20.19,-2.13,1,3.00
2020,8,24,0,1792.1,1765.95,1788.4,1.46%,1.53%,1.97%,26.25,26.98,35.27,-1,0.00
2020,8,21,4,1765.85,1738.97,1753.13,0.25%,-0.25%,0.07%,4.34,-4.33,1.2,2,2.00
2020,8,20,3,1761.51,1743.3,1751.93,-0.82%,-0.84%,-1.33%,-14.39,-14.64,-23.31,1,3.00
2020,8,19,2,1775.9,1757.94,1775.24,-0.25%,0.14%,0.85%,-4.49,2.49,15.15,-1,0.00
2020,8,18,1,1780.39,1755.45,1760.09,0.38%,0.01%,-0.76%,6.79,0.17,-13.44,1,3.00
2020,8,17,0,1773.6,1755.28,1773.53,-0.47%,0.48%,1.09%,-8.25,8.4,19.33,-1,0.00
2020,8,14,4,1781.85,1746.88,1754.2,-0.78%,-1.88%,-1.86%,-13.95,-32.91,-32.6,1,3.00
2020,8,13,3,1795.8,1779.79,1786.8,0.27%,0.37%,-0.12%,4.88,6.64,-2.19,-2,1.00
2020,8,12,2,1790.92,1773.15,1788.99,-0.11%,0.71%,0.15%,-1.91,12.51,2.71,-1,0.00
2020,8,11,1,1792.83,1760.64,1786.28,2.11%,1.16%,2.09%,37.84,20.44,37.37,4,2.00
2020,8,10,0,1754.99,1740.2,1748.91,0.51%,0.58%,0.48%,8.94,10.06,8.45,3,2.00
2020,8,7,4,1746.05,1730.14,1740.46,-0.26%,-0.02%,0.08%,-4.62,-0.36,1.32,2,2.00
2020,8,6,3,1750.67,1730.5,1739.14,-0.04%,-0.33%,-0.37%,-0.7,-5.63,-6.35,1,3.00
2020,8,5,2,1751.37,1736.13,1745.49,-0.30%,0.55%,0.64%,-5.29,9.56,11.24,-1,0.00
2020,8,4,1,1756.66,1726.57,1734.25,0.31%,1.40%,-0.70%,5.4,24.24,-12.07,1,3.00
2020,8,3,0,1751.26,1702.33,1746.32,0.72%,-0.24%,2.23%,12.61,-4.06,38.97,-1,0.00
2020,7,31,4,1738.65,1706.39,1707.35,-1.14%,-0.31%,-0.76%,-19.75,-5.28,-12.93,1,3.00
2020,7,30,3,1758.4,1711.67,1720.28,-0.21%,-2.26%,-2.34%,-3.68,-38.75,-40.3,-2,1.00
2020,7,29,2,1762.08,1750.42,1760.58,-0.09%,0.34%,0.36%,-1.63,5.94,6.33,-1,0.00
2020,7,28,1,1763.71,1744.48,1754.25,0.04%,-0.06%,-0.35%,0.63,-1.11,-6.06,1,3.00
2020,7,27,0,1763.08,1745.59,1760.31,0.07%,0.32%,0.57%,1.19,5.56,10.07,-1,0.00
2020,7,24,4,1761.89,1740.03,1750.24,-1.77%,-2.07%,-1.76%,-31.11,-35.99,-30.86,1,3.00
2020,7,23,3,1793,1776.02,1781.1,0.61%,0.61%,0.07%,10.87,10.85,1.25,-1,0.00
2020,7,22,2,1782.13,1765.17,1779.85,-0.87%,-0.46%,0.25%,-15.51,-8.04,4.46,2,2.00
2020,7,21,1,1797.64,1773.21,1775.39,0.58%,0.39%,-0.52%,10.41,6.89,-9.15,1,3.00
2020,7,20,0,1787.23,1766.32,1784.54,0.34%,0.38%,0.81%,6.13,6.76,14.39,-1,0.00
2020,7,17,4,1781.1,1759.56,1770.15,1.08%,0.64%,0.88%,19.17,11.28,15.6,2,2.00
2020,7,16,3,1761.93,1748.28,1754.55,-0.57%,0.32%,-0.76%,-10.13,5.6,-13.3,1,3.00
2020,7,15,2,1772.06,1742.68,1767.85,1.70%,1.10%,1.65%,30.06,19.21,29.25,-1,0.00
2020,7,14,1,1742,1723.47,1738.6,-0.18%,0.03%,-0.24%,-3.18,0.53,-4.13,1,3.00
2020,7,13,0,1745.18,1722.94,1742.73,1.84%,1.85%,1.79%,32.07,31.94,31.11,-1,0.00
2020,7,10,4,1713.11,1691,1711.62,-0.62%,-0.35%,0.81%,-10.59,-5.84,13.78,2,2.00
2020,7,9,3,1723.7,1696.84,1697.84,-0.10%,-0.52%,-0.87%,-1.67,-8.89,-14.69,1,3.00
2020,7,8,2,1725.37,1705.73,1712.53,0.05%,-0.34%,-0.46%,0.84,-5.75,-7.92,-3,1.00
2020,7,7,1,1724.53,1711.48,1720.45,-0.45%,-0.16%,-0.61%,-7.72,-2.71,-10.43,-2,1.00
2020,7,6,0,1732.25,1714.19,1730.88,1.25%,1.32%,2.06%,21.6,22.68,35.62,-1,0.00
2020,7,3,4,1710.65,1691.51,1695.26,0.36%,0.52%,-0.50%,6.12,8.73,-8.56,1,3.00
2020,7,2,3,1704.53,1682.78,1703.82,0.97%,1.49%,1.69%,16.6,25,28.78,-1,0.00
2020,7,1,2,1687.93,1657.78,1675.04,0.51%,0.27%,0.64%,8.68,4.55,10.66,2,2.00
2020,6,30,1,1679.25,1653.23,1664.38,0.28%,0.14%,-0.43%,4.68,2.31,-7.15,1,3.00
2020,6,29,0,1674.57,1650.92,1671.53,-0.90%,-0.40%,0.83%,-15.14,-6.68,13.87,-1,0.00
2020,6,26,4,1689.71,1657.6,1657.66,1.62%,1.91%,-0.20%,27.43,31.72,-3.3,1,3.00
2020,6,25,3,1662.28,1625.88,1660.96,-1.16%,-0.98%,1.09%,-19.34,-15.96,18.05,-1,0.00
2020,6,24,2,1681.62,1641.84,1642.91,-0.75%,-1.58%,-2.46%,-12.65,-25.92,-40.45,1,3.00
2020,6,23,1,1694.27,1667.76,1683.36,1.51%,1.23%,1.52%,25.54,20.5,25.65,-1,0.00
2020,6,22,0,1668.73,1647.26,1657.71,-0.53%,-0.72%,-0.62%,-8.79,-11.78,-10.22,1,3.00
2020,6,18,3,1677.52,1659.04,1667.93,-0.68%,-0.80%,-0.58%,-11.35,-13.22,-9.6,-2,1.00
2020,6,17,2,1688.87,1672.26,1677.53,0.70%,1.72%,0.34%,11.87,28.72,5.69,-1,0.00
2020,6,16,1,1677,1643.54,1671.84,3.38%,4.38%,3.33%,56.66,72.05,55.7,4,2.00
2020,6,15,0,1620.34,1571.49,1616.14,-0.86%,-1.19%,0.44%,-13.89,-18.74,7.07,3,2.00
2020,6,12,4,1634.23,1590.23,1609.07,-1.46%,-1.18%,0.00%,-23.84,-18.83,0.01,2,2.00
2020,6,11,3,1658.07,1609.06,1609.06,-3.49%,-4.86%,-5.17%,-57.85,-78.24,-83.26,1,3.00
2020,6,10,2,1715.92,1687.3,1692.32,-0.34%,0.28%,-0.26%,-5.75,4.75,-4.38,-4,1.00
2020,6,9,1,1721.67,1682.55,1696.7,-0.43%,-1.65%,-1.24%,-7.44,-27.78,-20.96,-3,1.00
2020,6,8,0,1729.11,1710.33,1717.66,-0.09%,0.25%,-0.75%,-1.57,4.2,-12.85,-2,1.00
2020,6,5,4,1730.68,1706.13,1730.51,1.27%,0.94%,1.74%,22.05,16.06,30.03,-1,0.00
2020,6,4,3,1708.63,1690.07,1700.48,-0.08%,0.45%,-0.56%,-1.33,7.55,-9.48,1,3.00
2020,6,3,2,1709.96,1682.52,1709.96,1.83%,1.68%,2.51%,31.23,28.31,42.98,-1,0.00
2020,6,2,1,1678.73,1654.21,1666.98,1.64%,1.28%,1.06%,27.45,21.15,17.6,3,2.00
2020,6,1,0,1651.28,1633.06,1649.38,0.33%,0.45%,1.19%,5.43,7.36,19.62,2,2.00
2020,5,29,4,1645.85,1625.7,1629.76,-0.80%,-0.32%,-1.71%,-13.22,-5.14,-27.82,1,3.00
2020,5,28,3,1659.07,1630.84,1657.58,1.52%,1.49%,2.06%,25.28,24.28,34.19,-1,0.00
2020,5,27,2,1633.79,1606.56,1623.39,1.47%,0.76%,1.03%,24.06,12.23,16.74,4,2.00
2020,5,26,1,1609.73,1594.33,1606.65,1.09%,1.86%,1.12%,17.57,29.58,18.05,3,2.00
2020,5,25,0,1592.16,1564.75,1588.6,2.02%,2.00%,2.08%,32.09,31.26,33.11,2,2.00
2020,5,22,4,1560.07,1533.49,1555.49,-0.33%,-0.41%,-0.06%,-5.21,-6.35,-0.95,1,3.00
2020,5,20,2,1565.28,1539.84,1556.44,-0.74%,-0.38%,-0.25%,-11.64,-5.92,-3.84,-3,1.00
2020,5,19,1,1576.92,1545.76,1560.28,0.68%,1.69%,-0.38%,10.71,26.08,-5.88,-2,1.00
2020,5,18,0,1566.21,1519.68,1566.16,3.69%,2.49%,4.63%,57.77,37.79,72.54,-1,0.00
2020,5,15,4,1508.44,1481.89,1493.62,-0.31%,1.39%,1.14%,-4.67,20.63,17.1,2,2.00
2020,5,14,3,1513.11,1461.26,1476.52,-2.54%,-4.16%,-3.12%,-38.42,-60.85,-46.12,1,3.00
2020,5,13,2,1551.53,1522.11,1522.64,-1.35%,-1.42%,-3.11%,-20.98,-21.66,-47.39,-2,1.00
2020,5,12,1,1572.51,1543.77,1570.03,0.02%,0.11%,0.86%,0.28,1.63,13.54,-1,0.00
2020,5,11,0,1572.23,1542.14,1556.49,0.48%,-0.32%,-0.43%,7.58,-4.86,-6.7,1,3.00
2020,5,8,4,1564.65,1547,1563.19,1.54%,1.47%,1.63%,24.1,22.76,25.45,-1,0.00
2020,5,7,3,1540.55,1524.24,1537.74,0.19%,0.23%,1.06%,3,3.53,16.34,2,2.00
2020,5,6,2,1537.55,1520.71,1521.4,-0.12%,0.35%,-1.10%,-1.85,5.3,-16.78,1,3.00
2020,5,5,1,1539.4,1515.41,1538.18,0.48%,0.67%,2.14%,7.41,10.2,32.97,-1,0.00
2020,5,4,0,1531.99,1505.21,1505.21,0.11%,0.11%,0.11%,2.14,2.16,2.2,1,3.00
