Year,Month,Day,Weekday,High,Low,Close,High_ch_pc_sdbf,Low_ch_pc_sdbf,Close_ch_pc_sdbf,High_ch_tot_sdbf,Low_ch_tot_sdbf,Close_ch_tot_sdbf,Streak,Avgup14,Avgdown14,RS,RSI,Bestmove
2021.00,10,29,4,2303.10,2275.36,2290.85,-0.0056098302,-0.0115366360,-0.0097736648,-12.92,-26.25,-22.39,-3,13.53222222,12.99666667,1.041207147,51.00938181,1.00
2021.00,10,28,3,2316.02,2301.61,2313.24,-0.0102589788,-0.0083810898,-0.0042926804,-23.76,-19.29,-9.93,-2,13.53222222,11.04166667,1.225559748,55.06748355,0.00
2021.00,10,27,2,2339.78,2320.90,2323.17,-0.0053252870,-0.0015726658,-0.0090522863,-12.46,-3.65,-21.03,-1,14.244,8.498,1.676159096,62.63301381,0.00
2021.00,10,26,1,2352.24,2324.55,2344.20,-0.0005909261,-0.0009335140,0.0060020476,-1.39,-2.17,14.07,1,14.244,9.008,1.581261101,61.25924652,0.00
2021.00,10,25,0,2353.63,2326.72,2330.13,0.0006755522,0.0045385779,-0.0080295949,1.59,10.56,-18.71,-1,12.99090909,10.9125,1.190461314,54.34751604,1.00
2021.00,10,22,4,2352.04,2316.16,2348.84,0.0101911532,0.0037216773,0.0100858296,23.97,8.62,23.69,1,14.131,9.172,1.540667248,60.64026091,0.00
2021.00,10,21,3,2328.07,2307.54,2325.15,0.0005712887,0.0013867582,-0.0004730878,1.33,3.2,-1.1,-2,13.03777778,11.24333333,1.159600751,53.69514483,1.00
2021.00,10,20,2,2326.74,2304.34,2326.25,-0.0012463791,-0.0042571843,-0.0001762493,-2.9,-9.81,-0.41,-1,13.21,11.24333333,1.17491847,54.02126499,0.00
2021.00,10,19,1,2329.64,2314.15,2326.66,0.0013736028,0.0047533652,0.0064298179,3.2,11,14.96,1,13.21,14.84833333,0.889662139,47.08048708,0.00
2021.00,10,18,0,2326.44,2303.15,2311.7,0.0032882860,0.0019104270,-0.0014188692,7.65,4.4,-3.28,-1,14.46125,17.55714286,0.823667616,45.1654462,1.00
2021.00,10,15,4,2318.79,2298.75,2314.98,0.0089227571,0.0072822186,0.0078661587,20.69,16.74,18.21,4,13.66375,17.55714286,0.778244508,43.76476375,0.00
2021.00,10,14,3,2298.1,2282.01,2296.77,0.0074496323,0.0203066595,0.0086295101,17.12,46.34,19.82,3,12.66,16.3275,0.775378962,43.67399741,1.00
2021.00,10,13,2,2280.98,2235.67,2276.95,0.0125297021,0.0138884540,0.0113924329,28.58,31.05,25.94,2,15.54,16.3275,0.951768489,48.76441516,1.00
2021.00,10,12,1,2252.4,2204.62,2251.01,0.0078405257,-0.0048715878,0.0077698455,17.66,-10.74,17.49,1,12.65285714,16.3275,0.774941488,43.66011461,1.00
2021.00,10,11,0,2234.74,2215.36,2233.52,-0.0109856180,-0.0087389860,-0.0029997493,-24.55,-19.36,-6.7,-2,11.81833333,15.10888889,0.782210619,43.88990901,1.00
2021.00,10,8,4,2259.29,2234.72,2240.22,-0.0005267141,-0.0013648242,-0.0078206605,-1.19,-3.05,-17.52,-1,11.81833333,19.18333333,0.61607298,38.12160637,0.00
2021.00,10,7,3,2260.48,2237.77,2257.74,0.0091352279,0.0152786033,0.0162463348,20.65,34.19,36.68,1,11.06428571,21.4325,0.51623869,34.04732336,0.00
2021.00,10,6,2,2239.83,2203.58,2221.06,-0.0067014014,-0.0091124443,-0.0152089543,-15.01,-20.08,-33.78,-1,9.775714286,21.4325,0.456116379,31.32417061,1.00
2021.00,10,5,1,2254.84,2223.66,2254.84,0.0002040056,-0.0021855859,0.0095527842,0.46,-4.86,21.54,1,8.57125,22.35,0.383501119,27.7196103,0.00
2021.00,10,4,0,2254.38,2228.52,2233.3,-0.0009803139,0.0046308761,-0.0093493933,-2.21,10.32,-20.88,-2,9.73,21.495,0.45266341,31.16092874,1.00
2021.00,10,1,4,2256.59,2218.2,2254.18,-0.0095719648,-0.0140925074,-0.0022181015,-21.6,-31.26,-5,-1,9.73,21.9775,0.442725515,30.68674604,0.00
2021.00,9,30,3,2278.19,2249.46,2259.18,0.0012641615,-0.0003245223,0.0016067777,2.88,-0.73,3.63,2,9.73,19.70375,0.493814629,33.05728968,0.00
2021.00,9,29,2,2275.31,2250.19,2255.55,-0.0107809485,-0.0015420920,0.0006783268,-24.53,-3.47,1.53,1,10.00857143,19.70375,0.50795262,33.68491908,1.00
2021.00,9,28,1,2299.84,2253.66,2254.02,-0.0147010227,-0.0208194670,-0.0221781528,-33.81,-46.92,-49.99,-3,10.00857143,20.55125,0.487005483,32.75075233,1.00
2021.00,9,27,0,2333.65,2300.58,2304.01,0.0005442119,-0.0037077607,-0.0040190798,1.27,-8.53,-9.26,-2,10.00857143,16.82,0.595039918,37.3056443,0.00
2021.00,9,24,4,2332.38,2309.11,2313.27,-0.0033099238,-0.0034125702,-0.0106904944,-7.72,-7.88,-24.73,-1,10.56714286,16.82,0.628248684,38.58432007,0.00
2021.00,9,23,3,2340.1,2316.99,2338,0.0159309431,0.0140225033,0.0166167665,37.28,32.49,38.85,3,9.59375,18.12,0.529456402,34.61729286,0.00
2021.00,9,22,2,2302.82,2284.5,2299.15,0.0036346740,0.0048413220,0.0105560751,8.37,11.06,24.27,2,6.79625,18.12,0.375068985,27.27637586,1.00
2021.00,9,21,1,2294.45,2273.44,2274.88,-0.0023360718,0.0070905764,0.0010637924,-5.36,16.12,2.42,1,6.571428571,16.4225,0.400147881,28.57897271,1.00
2021.00,9,20,0,2299.81,2257.32,2272.46,-0.0266195903,-0.0284186558,-0.0224822439,-61.22,-64.15,-51.09,-2,6.571428571,15.8725,0.414013455,29.27931512,1.00
2021.00,9,17,4,2361.03,2321.47,2323.55,0.0027699775,-0.0030842527,-0.0088140991,6.54,-7.16,-20.48,-1,6.345,9.394285714,0.675410584,40.31313819,0.00
2021.00,9,16,3,2354.49,2328.63,2344.03,0.0049394986,0.0042943705,0.0082251507,11.63,10,19.28,1,5.6975,9.394285714,0.606485706,37.75232506,0.00
2021.00,9,15,2,2342.86,2318.63,2324.75,0.0000597560,-0.0034675649,-0.0073212173,0.14,-8.04,-17.02,-1,4.85,8.4625,0.573116691,36.43192488,1.00
2021.00,9,14,1,2342.72,2326.67,2341.77,-0.0066205095,-0.0036790778,0.0027457863,-15.51,-8.56,6.43,1,5.635,8.03,0.701743462,41.23673619,0.00
2021.00,9,13,0,2358.23,2335.23,2335.34,-0.0025739644,-0.0052585827,-0.0061361515,-6.07,-12.28,-14.33,-2,5.06,7.095,0.713178295,41.62895928,1.00
2021.00,9,10,4,2364.3,2347.51,2349.67,-0.0014422874,0.0084941065,-0.0015832010,-3.41,19.94,-3.72,-1,6.2725,7.241428571,0.866196488,46.41507439,0.00
2021.00,9,9,3,2367.71,2327.57,2353.39,0.0020399458,-0.0059246338,0.0026472450,4.83,-13.79,6.23,1,7.171111111,7.88,0.910039481,47.64506127,0.00
2021.00,9,8,2,2362.88,2341.36,2347.16,-0.0132507787,-0.0121467865,-0.0131137204,-31.31,-28.44,-30.78,-2,7.46375,12.92428571,0.577498066,36.60848011,1.00
2021.00,9,7,1,2394.19,2369.8,2377.94,-0.0016540041,-0.0032787577,-0.0068630832,-3.96,-7.77,-16.32,-1,7.448888889,9.86,0.755465405,43.03504943,0.00
2021.00,9,6,0,2398.15,2377.57,2394.26,0.0021599983,0.0032974844,0.0102453368,5.18,7.84,24.53,1,7.448888889,10.995,0.677479662,40.38675864,0.00
2021.00,9,3,4,2392.97,2369.73,2369.73,0.0011617363,0.0000295392,-0.0078785347,2.78,0.07,-18.67,-1,7.7325,11.64428571,0.664059625,39.90599945,1.00
2021.00,9,2,3,2390.19,2369.66,2388.4,0.0062338140,0.0053467586,0.0082607603,14.9,12.67,19.73,2,8.17375,11.64428571,0.701953748,41.24399672,0.00
2021.00,9,1,2,2375.29,2356.99,2368.67,-0.0019113456,0.0039796520,0.0073543381,-4.54,9.38,17.42,1,6.555,11.64428571,0.562937063,36.01789709,1.00
2021.00,8,31,1,2379.83,2347.61,2351.25,-0.0004033902,-0.0080933375,-0.0091695906,-0.96,-19,-21.56,-2,6.835555556,12.82833333,0.532848296,34.76197203,1.00
2021.00,8,30,0,2380.79,2366.61,2372.81,0.0019993364,0.0009549524,-0.0001390756,4.76,2.26,-0.33,-1,7.11,15.202,0.467701618,31.86626031,0.00
2021.00,8,27,4,2376.03,2364.35,2373.14,0.0005723833,0.0010362256,0.0006067910,1.36,2.45,1.44,1,7.371111111,14.45333333,0.50999385,33.77456471,0.00
2021.00,8,26,3,2374.67,2361.9,2371.7,-0.0008169556,-0.0001820568,-0.0018805077,-1.94,-0.43,-4.46,-1,8.1225,13.42571429,0.604995744,37.69453882,1.00
2021.00,8,25,2,2376.61,2362.33,2376.16,-0.0019229070,0.0015874158,0.0038339169,-4.57,3.75,9.11,1,7.928888889,15.34,0.51687672,34.07506446,0.00
2021.00,8,24,1,2381.18,2358.58,2367.05,0.0006761354,0.0009751630,-0.0019011005,1.61,2.3,-4.5,-1,8.49,17.494,0.485309249,32.6739532,1.00
2021.00,8,23,0,2379.57,2356.28,2371.55,0.0062028013,0.0155966184,0.0046594000,14.76,36.75,11.05,2,9.254444444,16.06833333,0.575943021,36.54592922,0.00
2021.00,8,20,4,2364.81,2319.53,2360.5,0.0060723695,0.0023496139,0.0127938996,14.36,5.45,30.2,1,9.692222222,16.06833333,0.603187774,37.62427484,1.00
2021.00,8,19,3,2350.45,2314.08,2330.3,-0.0183752047,-0.0232921939,-0.0176243402,-43.19,-53.9,-41.07,-2,9.10875,16.41142857,0.555024808,35.69234429,1.00
2021.00,8,18,2,2393.64,2367.98,2371.37,0.0030622817,0.0020566052,-0.0050941017,7.33,4.87,-12.08,-1,8.951111111,11.94833333,0.749151439,42.8294213,0.00
2021.00,8,17,1,2386.31,2363.11,2383.45,-0.0045132443,-0.0023485999,0.0041536428,-10.77,-5.55,9.9,1,9.15375,10.37714286,0.882106966,46.86805702,0.00
2021.00,8,16,0,2397.08,2368.66,2373.55,-0.0064828875,-0.0148353922,-0.0141096670,-15.54,-35.14,-33.49,-1,9.15375,9.844285714,0.929854158,48.18261286,1.00
2021.00,8,13,4,2412.62,2403.8,2407.04,0.0026154139,0.0034653465,0.0006273265,6.31,8.33,1.51,5,9.021111111,8.895,1.014177753,50.3519489,0.00
2021.00,8,12,3,2406.31,2395.47,2405.53,0.0008103694,0.0029931496,0.0016794636,1.95,7.17,4.04,4,11.39333333,8.895,1.280869402,56.15706892,1.00
2021.00,8,11,2,2404.36,2388.3,2401.49,0.0037764727,0.0010635180,0.0032271631,9.08,2.54,7.75,3,13.22222222,8.895,1.486478046,59.78247218,1.00
2021.00,8,10,1,2395.28,2385.76,2393.74,0.0039995324,0.0076495540,0.0037514517,9.58,18.25,8.98,2,15.38333333,8.895,1.729436013,63.36239445,1.00
2021.00,8,9,0,2385.7,2367.51,2384.76,-0.0044892484,-0.0051404218,0.0018031165,-10.71,-12.17,4.3,1,16.10875,10.52142857,1.531042091,60.49058198,1.00
2021.00,8,6,4,2396.41,2379.68,2380.46,-0.0030295317,-0.0045006051,-0.0055535485,-7.26,-10.71,-13.22,-1,16.10875,12.50285714,1.288405507,56.30145108,1.00
2021.00,8,5,3,2403.67,2390.39,2393.68,0.0026542745,0.0033843850,0.0002423047,6.38,8.09,0.58,2,16.10875,12.88428571,1.250263333,55.56075659,0.00
2021.00,8,4,2,2397.29,2382.3,2393.1,0.0056480442,0.0048902321,0.0054155698,13.54,11.65,12.96,1,16.1,12.88428571,1.249584211,55.54734092,1.00
2021.00,8,3,1,2383.75,2370.65,2380.14,-0.0037503933,-0.0017126105,-0.0006386179,-8.94,-4.06,-1.52,-1,15.08,12.88428571,1.170418006,53.92592593,1.00
2021.00,8,2,0,2392.69,2374.71,2381.66,0.0078154713,0.0090832144,0.0049419313,18.7,21.57,11.77,1,15.09333333,13.54166667,1.114584615,52.70938828,0.00
2021.00,7,30,4,2373.99,2353.14,2369.89,-0.0077801507,-0.0113167937,-0.0060340353,-18.47,-26.63,-14.3,-1,14.87666667,13.54166667,1.098584615,52.34883585,1.00
2021.00,7,29,3,2392.46,2379.77,2384.19,0.0032142648,0.0025842834,0.0009646882,7.69,6.15,2.3,2,13.401,12.556,1.067298503,51.62769195,0.00
2021.00,7,28,2,2384.77,2373.62,2381.89,-0.0003983613,0.0027932019,0.0024854212,-0.95,6.63,5.92,1,14.03555556,11.27,1.24539091,55.46432492,1.00
2021.00,7,27,1,2385.72,2366.99,2375.97,-0.0029508911,-0.0034305172,-0.0049200958,-7.04,-8.12,-11.69,-1,13.962,13.334,1.047097645,51.1503517,1.00
2021.00,7,26,0,2392.76,2375.11,2387.66,0.0033267022,0.0072712422,0.0012438957,7.96,17.27,2.97,5,13.91545455,14.9075,0.933453265,48.2790705,0.00
2021.00,7,23,4,2384.8,2357.84,2384.69,0.0115984569,0.0071336477,0.0135615111,27.66,16.82,32.34,4,13.22,14.9075,0.886801945,47.00026664,1.00
2021.00,7,22,3,2357.14,2341.02,2352.35,0.0078103125,0.0103544609,0.0076434204,18.41,24.24,17.98,3,12.48,14.9075,0.837162502,45.56823368,1.00
2021.00,7,21,2,2338.73,2316.78,2334.37,0.0121989285,0.0150424296,0.0132069895,28.53,34.85,30.83,2,11.887,13.198,0.900666768,47.38688459,1.00
2021.00,7,20,1,2310.2,2281.93,2303.54,-0.0087784607,0.0006091335,0.0069805604,-20.28,1.39,16.08,1,9.386,13.198,0.711168359,41.56039674,1.00
2021.00,7,19,0,2330.48,2280.54,2287.46,-0.0105471834,-0.0226174503,-0.0224441083,-24.58,-51.58,-51.34,-3,9.019090909,11.4275,0.789244446,44.11048741,1.00
2021.00,7,16,4,2355.06,2332.12,2338.8,-0.0042164531,-0.0024398401,-0.0024328716,-9.93,-5.69,-5.69,-2,8.720833333,7.043333333,1.238168481,55.32061109,0.00
2021.00,7,15,3,2364.99,2337.81,2344.49,0.0026680874,-0.0002609280,-0.0050544042,6.31,-0.61,-11.85,-1,8.720833333,4.93,1.768931711,63.88498871,0.00
2021.00,7,14,2,2358.68,2338.42,2356.34,0.0022809368,0.0020227333,0.0030343669,5.38,4.73,7.15,4,8.281666667,4.93,1.679851251,62.68449603,0.00
2021.00,7,13,1,2353.3,2333.69,2349.19,0.0064590150,0.0087758014,0.0048782772,15.2,20.48,11.46,3,8.168333333,4.93,1.656862745,62.36162362,1.00
2021.00,7,12,0,2338.1,2313.21,2337.73,0.0071639365,0.0061343328,0.0077853302,16.75,14.19,18.2,2,7.529090909,7.6425,0.985160734,49.62624523,1.00
2021.00,7,9,4,2321.35,2299.02,2319.53,0.0000516941,0.0086558621,0.0127568947,0.12,19.9,29.59,1,6.175454545,7.6425,0.808041157,44.69152453,1.00
2021.00,7,8,3,2321.23,2279.12,2289.94,-0.0020851014,-0.0090429640,-0.0157777060,-4.84,-20.61,-36.13,-1,6.781,7.972,0.850602107,45.96353284,1.00
2021.00,7,7,2,2326.07,2299.73,2326.07,0.0057177987,0.0063877064,0.0160657246,13.3,14.69,37.37,1,6.781,7.97,0.850815558,45.96976476,0.00
2021.00,7,6,1,2312.77,2285.04,2288.7,0.0058155372,0.0057329412,-0.0045309564,13.45,13.1,-10.37,-1,6.056666667,7.02,0.862773029,46.31659444,1.00
2021.00,7,5,0,2299.32,2271.94,2299.07,0.0001348225,-0.0034904091,0.0044104790,0.31,-7.93,10.14,3,6.671111111,7.02,0.950300728,48.72585619,0.00
2021.00,7,2,4,2299.01,2279.87,2288.93,0.0084906112,0.0111629172,0.0065707558,19.52,25.45,15.04,2,7.542222222,7.02,1.07439063,51.79307188,1.00
2021.00,7,1,3,2279.49,2254.42,2273.89,-0.0027900978,0.0023952946,0.0047319791,-6.36,5.4,10.76,1,6.045,6.731428571,0.898026316,47.31369151,1.00
2021.00,6,30,2,2285.85,2249.02,2263.13,0.0015399086,-0.0032414118,-0.0073438114,3.52,-7.29,-16.62,-1,6.045,6.297142857,0.959959165,48.97852885,1.00
2021.00,6,29,1,2282.33,2256.31,2279.75,0.0023440957,0.0010149315,0.0102686698,5.35,2.29,23.41,1,5.8,6.297142857,0.921052632,47.94520548,0.00
2021.00,6,28,0,2276.98,2254.02,2256.34,0.0023891295,0.0039041357,-0.0064706560,5.44,8.8,-14.6,-1,5.864285714,6.365,0.921333184,47.95280649,1.00
2021.00,6,24,3,2271.54,2245.22,2270.94,-0.0015804256,0.0013272641,0.0126379385,-3.59,2.98,28.7,1,6.92,6.365,1.087195601,52.08882198,0.00
2021.00,6,23,2,2275.13,2242.24,2242.24,0.0004571167,-0.0050842015,-0.0114885115,1.04,-11.4,-25.76,-1,6.92,6.1325,1.128414187,53.01666347,1.00
2021.00,6,22,1,2274.09,2253.64,2268,0.0017677401,0.0117099448,0.0009391534,4.02,26.39,2.13,2,6.88,6.1325,1.121891561,52.87223823,0.00
2021.00,6,21,0,2270.07,2227.25,2265.87,-0.0069513275,-0.0080592659,0.0078777688,-15.78,-17.95,17.85,1,8.498571429,6.1325,1.385824937,58.08577636,1.00
2021.00,6,18,4,2285.85,2245.2,2248.02,0.0008137017,-0.0108453590,-0.0110274820,1.86,-24.35,-24.79,-2,7.525,4.754285714,1.582782452,61.2820662,1.00
2021.00,6,17,3,2283.99,2269.55,2272.81,-0.0040674434,-0.0018682118,-0.0059837822,-9.29,-4.24,-13.6,-1,8.21875,4.754285714,1.728703425,63.35255819,0.00
2021.00,6,16,2,2293.28,2273.79,2286.41,-0.0021061536,-0.0019175034,0.0027729060,-4.83,-4.36,6.34,1,8.21875,3.577142857,2.297573882,69.6746749,0.00
2021.00,6,15,1,2298.11,2278.15,2280.07,-0.0009877682,0.0015363343,-0.0020043244,-2.27,3.5,-4.57,-1,8.21875,3.151428571,2.607944243,72.28338542,1.00
2021.00,6,14,0,2300.38,2274.65,2284.64,0.0082508107,0.0049765898,0.0026437426,18.98,11.32,6.04,2,7.965555556,3.298333333,2.415024423,70.71763255,0.00
2021.00,6,11,4,2281.4,2263.33,2278.6,0.0035723678,0.0012415335,0.0046870886,8.15,2.81,10.68,1,6.58875,2.967142857,2.220570534,68.94960103,1.00
2021.00,6,10,3,2273.25,2260.52,2267.92,-0.0021994941,-0.0019110647,-0.0019268757,-5,-4.32,-4.37,-2,6.60625,2.967142857,2.226468464,69.00636063,1.00
2021.00,6,9,2,2278.25,2264.84,2272.29,-0.0014572589,0.0014305646,-0.0011398193,-3.32,3.24,-2.59,-1,7.484444444,2.628333333,2.84760093,74.00977861,0.00
2021.00,6,8,1,2281.57,2261.6,2274.88,0.0006837397,-0.0018128758,0.0031518146,1.56,-4.1,7.17,1,7.484444444,6.681666667,1.120146337,52.83344445,0.00
2021.00,6,7,0,2280.01,2265.7,2267.71,-0.0029999868,0.0014388489,-0.0016404214,-6.84,3.26,-3.72,-2,7.39,6.681666667,1.106011474,52.51687789,1.00
2021.00,6,4,4,2286.85,2262.44,2271.43,0.0056103374,0.0060819292,-0.0008452825,12.83,13.76,-1.92,-1,7.137,6.65,1.073233083,51.76615652,0.00
2021.00,6,3,3,2274.02,2248.68,2273.35,-0.0007607673,-0.0047850294,0.0020014516,-1.73,-10.76,4.55,3,9.158,6.65,1.377142857,57.93269231,0.00
2021.00,6,2,2,2275.75,2259.44,2268.8,0.0003339558,0.0038416599,0.0018820522,0.76,8.68,4.27,2,9.158,13.092,0.699511152,41.15955056,1.00
2021.00,6,1,1,2274.99,2250.76,2264.53,0.0067472824,0.0039497770,0.0100064914,15.35,8.89,22.66,1,10.09111111,14.04333333,0.718569507,41.81207127,1.00
2021.00,5,31,0,2259.64,2241.87,2241.87,0.0003142093,0.0004371351,-0.0060574431,0.71,0.98,-13.58,-1,9.43375,12.18142857,0.774437082,43.6440993,1.00
2021.00,5,28,4,2258.93,2240.89,2255.45,0.0032803141,0.0087018997,0.0048726418,7.41,19.5,10.99,2,10.925,12.18142857,0.896857042,47.28121426,0.00
2021.00,5,27,3,2251.52,2221.39,2244.46,-0.0004663516,0.0003331248,0.0077479661,-1.05,0.74,17.39,1,10.1575,12.18142857,0.833851296,45.46995156,1.00
2021.00,5,26,2,2252.57,2220.65,2227.07,-0.0008212841,-0.0093396078,-0.0072292294,-1.85,-20.74,-16.1,-2,10.78888889,14.03666667,0.768621863,43.45880141,1.00
2021.00,5,25,1,2254.42,2241.39,2243.17,0.0026348240,0.0025073727,-0.0008336417,5.94,5.62,-1.87,-1,9.838,16.474,0.597183441,37.38978413,0.00
2021.00,5,24,0,2248.48,2235.77,2245.04,-0.0004358500,0.0039717860,0.0018707907,-0.98,8.88,4.2,3,10.27111111,14.51333333,0.70770173,41.44176455,0.00
2021.00,5,21,4,2249.46,2226.89,2240.84,0.0036853289,0.0100678525,0.0002499063,8.29,22.42,0.56,2,10.27111111,16.73166667,0.613872564,38.03723897,1.00
2021.00,5,20,3,2241.17,2204.47,2240.28,0.0064742969,0.0067998204,0.0173058725,14.51,14.99,38.77,1,10.51875,15.6,0.674278846,40.27279253,1.00
2021.00,5,19,2,2226.66,2189.48,2201.51,-0.0124132108,-0.0229323858,-0.0218804366,-27.64,-50.21,-48.17,-1,9.1275,15.6,0.585096154,36.91234456,1.00
2021.00,5,18,1,2254.3,2239.69,2249.68,0.0003149536,0.0087556760,0.0085701077,0.71,19.61,19.28,1,9.797777778,13.59333333,0.720778159,41.8867566,0.00
2021.00,5,17,0,2253.59,2220.08,2230.4,0.0021565591,0.0034773522,-0.0078371593,4.86,7.72,-17.48,-1,10.45777778,13.59333333,0.769331372,43.48147464,1.00
2021.00,5,14,4,2248.73,2212.36,2247.88,0.0146927377,0.0094559656,0.0187243091,33.04,20.92,42.09,2,11.1575,11.69714286,0.953865413,48.81940212,0.00
2021.00,5,12,2,2215.69,2191.44,2205.79,-0.0153180273,0.0013370204,0.0054538283,-33.94,2.93,12.03,1,8.48875,11.69714286,0.725711407,42.05288347,1.00
2021.00,5,11,1,2249.63,2188.51,2193.76,-0.0083569298,-0.0272102938,-0.0324784844,-18.8,-59.55,-71.25,-1,8.48875,11.40142857,0.744533893,42.67809849,1.00
2021.00,5,10,0,2268.43,2248.06,2265.01,-0.0004452419,0.0002757934,0.0021545159,-1.01,0.62,4.88,2,8.48875,12.04571429,0.704711219,41.33903803,0.00
2021.00,5,7,4,2269.44,2247.44,2260.13,0.0055696560,0.0089390596,0.0059819568,12.64,20.09,13.52,1,8.027777778,13.885,0.578161885,36.63514439,1.00
2021.00,5,6,3,2256.8,2227.35,2246.61,0.0005627437,0.0061193795,-0.0039526220,1.27,13.63,-8.88,-1,10.45222222,13.885,0.752770776,42.94747415,1.00
2021.00,5,5,2,2255.53,2213.72,2255.49,0.0070227397,0.0100464377,0.0270052184,15.84,22.24,60.91,1,11.6,13.885,0.835433921,45.51697077,0.00
2021.00,5,4,1,2239.69,2191.48,2194.58,0.0005715077,-0.0092403307,-0.0168642747,1.28,-20.25,-37.01,-1,10.99428571,12.50285714,0.879341865,46.78988327,1.00
2021.00,5,3,0,2238.41,2211.73,2231.59,-0.0021041722,-0.0023917928,0.0065289771,-4.71,-5.29,14.57,1,11.35714286,12.50285714,0.908363803,47.59908993,0.00
2021.00,4,30,4,2243.12,2217.02,2217.02,-0.0063705910,-0.0062290823,-0.0071357047,-14.29,-13.81,-15.82,-3,11.35714286,12.39714286,0.916109703,47.81092134,1.00
2021.00,4,29,3,2257.41,2230.83,2232.84,-0.0039027027,0.0034336996,-0.0028707834,-8.81,7.66,-6.41,-2,10.28,12.08166667,0.850875983,45.97152866,0.00
2021.00,4,28,2,2266.22,2223.17,2239.25,0.0014914704,-0.0064727394,-0.0105347773,3.38,-14.39,-23.59,-1,10.78777778,12.736,0.84703029,45.85903625,0.00
2021.00,4,27,1,2262.84,2237.56,2262.84,0.0066995457,0.0013318079,0.0081667285,15.16,2.98,18.48,5,10.69444444,12.736,0.839701982,45.64336997,0.00
2021.00,4,26,0,2247.68,2234.58,2244.36,0.0029586062,0.0062025079,0.0015193641,6.65,13.86,3.41,4,11.52,12.736,0.904522613,47.49340369,1.00
2021.00,4,23,4,2241.03,2220.72,2240.95,-0.0001427915,-0.0007655175,0.0038064214,-0.32,-1.7,8.53,3,11.47222222,12.736,0.900771217,47.38977574,1.00
2021.00,4,22,3,2241.35,2222.42,2232.42,0.0052156067,0.0052870295,0.0018500103,11.69,11.75,4.13,2,11.47222222,13.476,0.851307675,45.98412713,1.00
2021.00,4,21,2,2229.66,2210.67,2228.29,-0.0142936591,0.0059755640,0.0105372281,-31.87,13.21,23.48,1,10.73777778,13.476,0.796807493,44.34573521,1.00
2021.00,4,20,1,2261.53,2197.46,2204.81,-0.0103071814,-0.0267991226,-0.0239431062,-23.31,-58.89,-52.79,-2,9.824,8.8775,1.106617854,52.53054568,1.00
2021.00,4,19,0,2284.84,2256.35,2257.6,0.0018994765,0.0080661245,-0.0101435152,4.34,18.2,-22.9,-1,10.25636364,4.066666667,2.522056632,71.60749799,0.00
2021.00,4,16,4,2280.5,2238.15,2280.5,0.0151107213,0.0026405737,0.0164525323,34.46,5.91,37.52,2,10.848,3.415,3.176573939,76.05693052,0.00
2021.00,4,15,3,2246.04,2232.24,2242.98,0.0000000000,0.0039063900,0.0066072814,0,8.72,14.82,1,8.502,3.415,2.489604685,71.34345892,1.00
2021.00,4,14,2,2246.04,2223.52,2228.16,-0.0018744101,-0.0033865223,-0.0085496553,-4.21,-7.53,-19.05,-1,8.502,3.546,2.397631134,70.56772908,1.00
2021.00,4,13,1,2250.25,2231.05,2247.21,0.0016975892,-0.0002554851,0.0051085568,3.82,-0.57,11.48,1,8.502,3.278,2.593654667,72.17317487,0.00
2021.00,4,12,0,2246.43,2231.62,2235.73,-0.0017672485,-0.0023256648,-0.0065616152,-3.97,-5.19,-14.67,-1,9.022222222,3.681666667,2.450580957,71.0193729,1.00
2021.00,4,9,4,2250.4,2236.81,2250.4,0.0012175613,0.0002995337,0.0044436545,2.74,0.67,10,2,8.868,3.624,2.447019868,70.98943324,0.00
2021.00,4,8,3,2247.66,2236.14,2240.4,0.0066068711,0.0066319640,0.0048384217,14.85,14.83,10.84,1,9.548888889,3.79,2.519495749,71.58683882,1.00
2021.00,4,7,2,2232.81,2221.31,2229.56,0.0011375800,0.0021338760,-0.0003094781,2.54,4.74,-0.69,-1,8.88625,3.758571429,2.364262638,70.27580461,1.00
2021.00,4,6,1,2230.27,2216.57,2230.25,0.0101288185,0.0119689430,0.0123932295,22.59,26.53,27.64,2,10.9525,3.758571429,2.914006081,74.45072953,0.00
2021.00,4,1,3,2207.68,2190.04,2202.61,0.0028174373,0.0005981626,0.0044265667,6.22,1.31,9.75,1,8.36125,3.758571429,2.224581908,68.98822767,1.00
2021.00,3,31,2,2201.46,2188.73,2192.86,-0.0018260609,0.0015534123,-0.0057231196,-4.02,3.4,-12.55,-1,11.21375,3.758571429,2.983513873,74.89653527,1.00
2021.00,3,30,1,2205.48,2185.33,2205.41,0.0023033535,0.0023062878,0.0105195859,5.08,5.04,23.2,1,11.40666667,3.715,3.070435173,75.43260223,0.00
2021.00,3,29,0,2200.4,2180.29,2182.21,0.0007271405,0.0013988965,-0.0076023847,1.6,3.05,-16.59,-1,12.91777778,3.715,3.477194557,77.66458466,1.00
2021.00,3,26,4,2198.8,2177.24,2198.8,0.0066308896,0.0113630100,0.0116245225,14.58,24.74,25.56,1,16.94222222,3.715,4.560490504,82.01597504,0.00
2021.00,3,25,3,2184.22,2152.5,2173.24,-0.0006684308,-0.0003995354,-0.0052272183,-1.46,-0.86,-11.36,-1,17.2375,3.995714286,4.31399714,81.18177384,1.00
2021.00,3,24,2,2185.68,2153.36,2184.6,0.0050327587,0.0013235130,0.0075437151,11,2.85,16.48,1,17.2375,4.91,3.510692464,77.8304549,0.00
2021.00,3,23,1,2174.68,2150.51,2168.12,-0.0018715397,-0.0002232029,-0.0030026013,-4.07,-0.48,-6.51,-1,16.77625,4.91,3.416751527,77.35892559,1.00
2021.00,3,22,0,2178.75,2150.99,2174.63,-0.0013172691,-0.0035936941,0.0025061735,-2.87,-7.73,5.45,1,17.14222222,5.05,3.39449945,77.24427978,0.00
2021.00,3,19,4,2181.62,2158.72,2169.18,-0.0026127373,-0.0052299511,-0.0049834500,-5.7,-11.29,-10.81,-1,17.893,5.486,3.261574918,76.53449677,1.00
2021.00,3,18,3,2187.32,2170.01,2179.99,0.0034197100,0.0014746476,0.0032706572,7.48,3.2,7.13,1,17.893,9.03,1.981506091,66.45990417,0.00
2021.00,3,17,2,2179.84,2166.81,2172.86,-0.0021194216,-0.0025429087,-0.0033504229,-4.62,-5.51,-7.28,-1,18.56,9.03,2.055370986,67.27075027,1.00
2021.00,3,16,1,2184.46,2172.32,2180.14,-0.0016342712,0.0062697945,0.0083985432,-3.57,13.62,18.31,1,17.10272727,10.1325,1.687907947,62.79634497,0.00
2021.00,3,15,0,2188.03,2158.7,2161.83,0.0087156026,0.0029276880,-0.0032981317,19.07,6.32,-7.13,-1,15.89583333,12.32,1.290246212,56.33657226,1.00
2021.00,3,12,4,2168.96,2152.38,2168.96,0.0008575539,0.0056820822,0.0015214665,1.86,12.23,3.3,5,15.60727273,9.9225,1.572917382,61.13361405,0.00
2021.00,3,11,3,2167.1,2140.15,2165.66,0.0134003968,0.0124523982,0.0144066936,29.04,26.65,31.2,4,16.51818182,9.9225,1.66471976,62.47260162,1.00
2021.00,3,10,2,2138.06,2113.5,2134.46,0.0060568927,0.0070357227,0.0045023097,12.95,14.87,9.61,3,15.266,9.954,1.533654812,60.53132435,1.00
2021.00,3,9,1,2125.11,2098.63,2124.85,0.0087901332,0.0199939961,0.0102360167,18.68,41.96,21.75,2,15.52333333,9.761666667,1.590233908,61.39344803,1.00
2021.00,3,8,0,2106.43,2056.67,2103.1,0.0179545487,0.0070161961,0.0259283914,37.82,14.43,54.53,1,13.7,9.761666667,1.403448865,58.39312353,1.00
2021.00,3,5,4,2068.61,2042.24,2048.57,-0.0027458052,-0.0061011438,-0.0080934506,-5.68,-12.46,-16.58,-2,11.25666667,9.761666667,1.153150077,53.556419,1.00
2021.00,3,4,3,2074.29,2054.7,2065.15,-0.0037892484,-0.0011972551,-0.0041788732,-7.86,-2.46,-8.63,-1,11.711,10.578,1.107109094,52.54161245,0.00
2021.00,3,3,2,2082.15,2057.16,2073.78,0.0035107941,0.0034999708,0.0032211710,7.31,7.2,6.68,3,10.65818182,11.2575,0.946762764,48.63267274,0.00
2021.00,3,2,1,2074.84,2049.96,2067.1,0.0096730350,0.0098636071,0.0060132553,20.07,20.22,12.43,2,10.41909091,11.2575,0.925524398,48.0660956,1.00
2021.00,3,1,0,2054.77,2029.74,2054.67,0.0119964765,0.0143466651,0.0217893871,24.65,29.12,44.77,1,9.454,9.29,1.017653391,50.43747332,1.00
2021.00,2,26,4,2030.12,2000.62,2009.9,-0.0115362639,-0.0176645240,-0.0144435047,-23.42,-35.34,-29.03,-1,7.765555556,7.998333333,0.970896715,49.26167401,1.00
2021.00,2,25,3,2053.54,2035.96,2038.93,0.0068905402,0.0118273443,0.0008239616,14.15,24.08,1.68,2,7.072,4.914,1.439153439,59.0021692,0.00
2021.00,2,24,2,2039.39,2011.88,2037.25,0.0012405670,0.0092450842,0.0100233157,2.53,18.6,20.42,1,5.821,4.914,1.184574685,54.2244993,1.00
2021.00,2,23,1,2036.86,1993.28,2016.83,0.0012862936,-0.0117946300,-0.0070457103,2.62,-23.51,-14.21,-2,6.756,4.914,1.374847375,57.89203085,1.00
2021.00,2,22,0,2034.24,2016.79,2031.04,-0.0013420245,-0.0003768365,-0.0029196865,-2.73,-0.76,-5.93,-1,8.066,4.914,1.641432641,62.14175655,0.00
2021.00,2,19,4,2036.97,2017.55,2036.97,0.0058321919,0.0049912022,0.0103879782,11.88,10.07,21.16,1,8.066,4.468,1.805282005,64.35295995,0.00
2021.00,2,18,3,2025.09,2007.48,2015.81,-0.0049775566,-0.0022366350,-0.0007193138,-10.08,-4.49,-1.45,-3,7.642222222,3.793333333,2.014645577,66.82860474,1.00
2021.00,2,17,2,2035.17,2011.97,2017.26,-0.0043239631,-0.0108301814,-0.0103159732,-8.8,-21.79,-20.81,-2,7.642222222,5.056666667,1.511316194,60.18024324,0.00
2021.00,2,16,1,2043.97,2033.76,2038.07,0.0011105838,0.0023011565,-0.0005936989,2.27,4.68,-1.21,-1,7.642222222,3.87,1.974734424,66.38355371,0.00
2021.00,2,15,0,2041.7,2029.08,2039.28,0.0077533428,0.0121434345,0.0071397748,15.83,24.64,14.56,3,8.31375,3.562857143,2.333450281,70.00105249,0.00
2021.00,2,12,4,2025.87,2004.44,2024.72,0.0077991184,0.0037367045,0.0072355684,15.8,7.49,14.65,2,7.9725,3.562857143,2.237670409,69.11359485,1.00
2021.00,2,11,3,2010.07,1996.95,2010.07,0.0000646744,0.0056135607,0.0059749163,0.13,11.21,12.01,1,6.854285714,4.29375,1.596340195,61.4842461,1.00
2021.00,2,10,2,2009.94,1985.74,1998.06,0.0023284277,-0.0032380876,-0.0005655486,4.68,-6.43,-1.13,-2,8.362857143,4.29375,1.947681431,66.07503139,1.00
2021.00,2,9,1,2005.26,1992.17,1999.19,-0.0007081376,-0.0020680966,-0.0016656746,-1.42,-4.12,-3.33,-1,8.711428571,4.29375,2.028862549,66.9843057,0.00
2021.00,2,8,0,2006.68,1996.29,2002.52,-0.0007674368,0.0051796082,0.0065817070,-1.54,10.34,13.18,1,9.43375,4.704285714,2.005352262,66.72603034,0.00
2021.00,2,5,4,2008.22,1985.95,1989.34,0.0004133013,-0.0050101966,-0.0085405210,0.83,-9.95,-16.99,-1,9.43375,5.835714286,1.616554468,61.78180075,1.00
2021.00,2,4,3,2007.39,1995.9,2006.33,0.0008169813,0.0036224260,0.0043263072,1.64,7.23,8.68,4,10.66285714,5.255,2.029087943,66.9867624,0.00
2021.00,2,3,2,2005.75,1988.67,1997.65,0.0059229715,0.0045608371,0.0045853878,11.88,9.07,9.16,3,11.73142857,5.255,2.232431698,69.06353812,1.00
2021.00,2,2,1,1993.87,1979.6,1988.49,0.0078841650,0.0127702566,0.0053709096,15.72,25.28,10.68,2,10.76,5.255,2.047573739,67.18701218,1.00
2021.00,2,1,0,1978.15,1954.32,1977.81,-0.0002527614,0.0031315240,0.0146727947,-0.5,6.12,29.02,1,9.182857143,5.255,1.747451407,63.60263197,1.00
2021.00,1,29,4,1978.65,1948.2,1948.79,-0.0002122659,0.0080689868,-0.0116020710,-0.42,15.72,-22.61,-3,8.11875,5.934285714,1.368109052,57.77221495,1.00
2021.00,1,28,3,1979.07,1932.48,1971.4,-0.0089233832,-0.0135421841,-0.0024348179,-17.66,-26.17,-4.8,-2,8.797777778,6.853333333,1.283722438,56.21184154,0.00
2021.00,1,27,2,1996.73,1958.65,1976.2,-0.0008413756,-0.0082454752,-0.0078230948,-1.68,-16.15,-15.46,-1,11.212,4.692,2.389599318,70.49798793,0.00
2021.00,1,26,1,1998.41,1974.8,1991.66,-0.0008606842,0.0020153940,0.0083347559,-1.72,3.98,16.6,1,11.212,4.982,2.250501807,69.23551933,0.00
2021.00,1,25,0,2000.13,1970.82,1975.06,0.0065495743,-0.0018570950,-0.0056605875,13.1,-3.66,-11.18,-2,11.69363636,5.7975,2.017013603,66.85464066,1.00
2021.00,1,22,4,1987.03,1974.48,1986.24,-0.0047357111,-0.0029425469,-0.0005135331,-9.41,-5.81,-1.02,-1,11.553,6.18,1.869417476,65.14972086,0.00
2021.00,1,21,3,1996.44,1980.29,1987.26,0.0053545311,0.0066808397,0.0044734962,10.69,13.23,8.89,2,11.86,5.3725,2.20753839,68.82344407,0.00
2021.00,1,20,2,1985.75,1967.06,1978.37,0.0035855470,0.0054548412,0.0103721751,7.12,10.73,20.52,1,12.65909091,5.3725,2.356275646,70.20506939,1.00
2021.00,1,19,1,1978.63,1956.33,1957.85,0.0073232489,0.0023768996,-0.0023393008,14.49,4.65,-4.58,-1,12.35727273,5.3725,2.300097297,69.69786312,1.00
2021.00,1,18,0,1964.14,1951.68,1962.43,-0.0048163573,0.0029922938,0.0039338983,-9.46,5.84,7.72,1,12.144,4.846,2.505984317,71.47733961,0.00
2021.00,1,15,4,1973.6,1945.84,1954.71,-0.0006029591,-0.0092299470,-0.0089578505,-1.19,-17.96,-17.51,-1,12.144,9.212,1.318280504,56.86458138,1.00
2021.00,1,14,3,1974.79,1963.8,1972.22,0.0046182126,0.0060698645,0.0050501465,9.12,11.92,9.96,3,12.144,9.866,1.230893979,55.17492049,0.00
2021.00,1,13,2,1965.67,1951.88,1962.26,0.0025843605,0.0035145603,0.0018550039,5.08,6.86,3.64,2,12.48,9.11,1.369923161,57.80453914,1.00
2021.00,1,12,1,1960.59,1945.02,1958.62,0.0023870366,0.0030590945,0.0087459538,4.68,5.95,17.13,1,12.80777778,9.11,1.405903159,58.43556727,1.00
2021.00,1,11,0,1955.91,1939.07,1941.49,0.0003425515,-0.0020628446,-0.0040587384,0.67,-4,-7.88,-1,13.82375,8.987142857,1.538169607,60.60152966,1.00
2021.00,1,8,4,1955.24,1943.07,1949.37,0.0072778789,0.0092842769,0.0050683041,14.23,18.04,9.88,2,15.22,8.987142857,1.69353044,62.87400413,0.00
2021.00,1,7,3,1941.01,1925.03,1939.49,0.0169705463,0.0206230552,0.0243053586,32.94,39.7,47.14,1,15.36142857,11.725,1.310143162,56.71263943,1.00
2021.00,1,5,1,1908.07,1885.33,1892.35,-0.0016404010,-0.0013207237,-0.0016593125,-3.13,-2.49,-3.14,-1,12.43166667,11.20222222,1.10975005,52.60102019,1.00
2021.00,1,4,0,1911.2,1887.82,1895.49,0.0086385517,0.0069286267,0.0109470374,16.51,13.08,20.75,1,11.91285714,12.21125,0.975564102,49.38154632,0.00
2020.00,12,30,2,1894.69,1874.74,1874.74,-0.0040692673,-0.0072276689,-0.0097720217,-7.71,-13.55,-18.32,-1,10.34,12.21125,0.84676016,45.8511169,1.00
2020.00,12,29,1,1902.4,1888.29,1893.06,0.0078479815,0.0106286640,0.0035286784,14.93,20.07,6.68,4,9.13375,12.85428571,0.71056068,41.539636,0.00
2020.00,12,28,0,1887.47,1868.22,1886.38,0.0103206938,0.0065998651,0.0097488311,19.48,12.33,18.39,3,8.305714286,11.35125,0.731700411,42.25329082,1.00
2020.00,12,23,2,1867.99,1855.89,1867.99,0.0020342721,0.0040034700,0.0025214268,3.8,7.43,4.71,2,6.443333333,10.72555556,0.600745882,37.52912244,1.00
2020.00,12,22,1,1864.19,1848.46,1863.28,-0.0014698073,0.0076604308,0.0097516208,-2.74,14.16,18.17,1,6.972,9.838,0.708680626,41.47531231,1.00
2020.00,12,21,0,1866.93,1834.3,1845.11,-0.0167601356,-0.0254974650,-0.0226382167,-31.29,-46.77,-41.77,-1,6.972,10.304,0.676630435,40.35656402,1.00
2020.00,12,18,4,1898.22,1881.07,1886.88,-0.0023495696,-0.0013768759,0.0009009582,-4.46,-2.59,1.7,1,6.972,7.535,0.925282017,48.05955746,0.00
2020.00,12,17,3,1902.68,1883.66,1885.18,-0.0028013118,0.0018899377,-0.0037556095,-5.33,3.56,-7.08,-1,6.972,7.288,0.956641054,48.89200561,1.00
2020.00,12,16,2,1908.01,1880.1,1892.26,0.0042085733,0.0020318068,0.0012788940,8.03,3.82,2.42,1,6.972,7.766,0.897759464,47.30628308,0.00
2020.00,12,15,1,1899.98,1876.28,1889.84,-0.0043421510,-0.0062890400,-0.0004286077,-8.25,-11.8,-0.81,-4,7.814,7.766,1.006180788,50.15404365,1.00
2020.00,12,14,0,1908.23,1888.08,1890.65,0.0062047028,0.0078704292,-0.0003014836,11.84,14.86,-0.57,-3,7.814,7.093,1.101649514,52.41832696,0.00
2020.00,12,11,4,1896.39,1873.22,1891.22,-0.0162888435,-0.0115629771,-0.0082486437,-30.89,-21.66,-15.6,-2,6.866,7.093,0.967996616,49.18690451,0.00
2020.00,12,10,3,1927.28,1894.88,1906.82,-0.0036424391,-0.0148241577,-0.0102788937,-7.02,-28.09,-19.6,-1,7.595,4.448888889,1.707167832,63.0610268,0.00
2020.00,12,9,2,1934.3,1922.97,1926.42,0.0045494494,0.0134583483,0.0004775698,8.8,25.88,0.92,2,7.595,4.426666667,1.715737952,63.17759601,0.00
2020.00,12,8,1,1925.5,1897.09,1925.5,0.0028564009,-0.0028201087,0.0092910932,5.5,-5.35,17.89,1,6.67,4.426666667,1.506777108,60.10814058,1.00
2020.00,12,7,0,1920,1902.44,1907.61,0.0003593750,-0.0034271777,-0.0048909368,0.69,-6.52,-9.33,-1,6.904,4.145,1.66562123,62.48529279,1.00
2020.00,12,4,4,1919.31,1908.96,1916.94,-0.0004324471,0.0025458889,0.0024831241,-0.83,4.86,4.76,1,11.764,4.145,2.838118215,73.9455654,0.00
2020.00,12,3,3,1920.14,1904.1,1912.18,-0.0029789495,-0.0052570768,-0.0035613802,-5.72,-10.01,-6.81,-2,11.764,4.546,2.587769468,72.12752912,1.00
2020.00,12,2,2,1925.86,1914.11,1918.99,-0.0009606098,0.0005433335,-0.0026107484,-1.85,1.04,-5.01,-1,11.764,4.13,2.84842615,74.01535171,0.00
2020.00,12,1,1,1927.71,1913.07,1924,-0.0038387517,-0.0019863361,0.0033575884,-7.4,-3.8,6.46,1,12.31,4.383333333,2.808365019,73.74201278,0.00
2020.00,11,30,0,1935.11,1916.87,1917.54,-0.0018603594,-0.0036674370,-0.0101953545,-3.6,-7.03,-19.55,-1,12.31,4.658888889,2.642260911,72.54452593,1.00
2020.00,11,27,4,1938.71,1923.9,1937.09,-0.0010264557,-0.0030147097,0.0026431400,-1.99,-5.8,5.12,2,21.40142857,4.79125,4.466773508,81.70767458,0.00
2020.00,11,26,3,1940.7,1929.7,1931.97,-0.0052094605,0.0011037985,0.0002795074,-10.11,2.13,0.54,1,19.15125,5.191428571,3.689013484,78.67355248,1.00
2020.00,11,25,2,1950.81,1927.57,1931.43,0.0062743168,0.0001660121,-0.0034741099,12.24,0.32,-6.71,-1,19.55777778,4.371666667,4.473757784,81.73101479,1.00
2020.00,11,24,1,1938.57,1927.25,1938.14,-0.0007840831,0.0028434298,0.0084462423,-1.52,5.48,16.37,1,21.09111111,4.371666667,4.824501207,82.83114786,0.00
2020.00,11,23,0,1940.09,1921.77,1921.77,0.0036596240,0.0063587214,-0.0024456621,7.1,12.22,-4.7,-1,21.227,4.942,4.295224605,81.1150598,1.00
2020.00,11,20,4,1932.99,1909.55,1926.47,0.0058148257,0.0024508392,0.0057462613,11.24,4.68,11.07,1,23.493,4.942,4.753743424,82.62001055,0.00
2020.00,11,19,3,1921.75,1904.87,1915.4,-0.0035488487,-0.0031970686,-0.0037224601,-6.82,-6.09,-7.13,-1,24.85444444,5.955,4.173710234,80.67151126,1.00
2020.00,11,18,2,1928.57,1910.96,1922.53,0.0016851864,-0.0001098924,0.0001716488,3.25,-0.21,0.33,4,24.85444444,6.6,3.765824916,79.01727366,0.00
2020.00,11,17,1,1925.32,1911.17,1922.2,-0.0008362246,0.0049132207,0.0019456872,-1.61,9.39,3.74,3,27.555,11.49142857,2.397874192,70.56983445,1.00
2020.00,11,16,0,1926.93,1901.78,1918.46,0.0129688157,0.0102851013,0.0110296801,24.99,19.56,21.16,2,27.555,14.63428571,1.882907068,65.31279099,1.00
2020.00,11,13,4,1901.94,1882.22,1897.3,-0.0025447701,-0.0021251501,0.0025773468,-4.84,-4,4.89,1,27.92142857,15.45,1.807212205,64.37747036,1.00
2020.00,11,12,3,1906.78,1886.22,1892.41,-0.0008181332,0.0031385522,-0.0055379120,-1.56,5.92,-10.48,-1,25.905,16.96571429,1.526902998,60.42586514,1.00
2020.00,11,11,2,1908.34,1880.3,1902.89,0.0078811952,0.0034037122,0.0091177104,15.04,6.4,17.35,1,25.905,21.21571429,1.221028887,54.97582198,0.00
2020.00,11,10,1,1893.3,1873.9,1885.54,-0.0052184017,0.0164469822,-0.0016971266,-9.88,30.82,-3.2,-1,27.45714286,19.15625,1.433325565,58.90397839,1.00
2020.00,11,9,0,1903.18,1843.08,1888.74,0.0399068927,0.0224678256,0.0366487711,75.95,41.41,69.22,1,24.39,20.48142857,1.190834903,54.35530086,0.00
2020.00,11,6,4,1827.23,1801.67,1819.52,0.0018607400,-0.0021369063,-0.0014784119,3.4,-3.85,-2.69,-1,16.1125,20.48142857,0.786688289,44.03052809,1.00
2020.00,11,5,3,1823.83,1805.52,1822.21,0.0125066481,0.0360893261,0.0146415616,22.81,65.16,26.68,5,17.76375,20.48142857,0.867310107,46.44703114,0.00
2020.00,11,4,2,1801.02,1740.36,1795.53,0.0144584735,-0.0098887586,0.0129543923,26.04,-17.21,23.26,4,17.04285714,20.91,0.81505773,44.90533368,1.00
2020.00,11,3,1,1774.98,1757.57,1772.27,0.0126480298,0.0269975022,0.0134573175,22.45,47.45,23.85,3,15.54333333,19.38444444,0.801845695,44.501352,1.00
2020.00,11,2,0,1752.53,1710.12,1748.42,0.0169811644,0.0043447243,0.0176159046,29.76,7.43,30.8,2,14.162,17.601,0.804613374,44.58646853,1.00
2020.00,10,30,4,1722.77,1702.69,1717.62,-0.0063966751,-0.0012392156,0.0009256995,-11.02,-2.11,1.59,1,10.044,17.601,0.570649395,36.33206728,1.00
2020.00,10,29,3,1733.79,1704.8,1716.03,-0.0061656833,-0.0061238855,-0.0038635688,-10.69,-10.44,-6.63,-4,10.044,16.725,0.600538117,37.52101311,1.00
2020.00,10,28,2,1744.48,1715.24,1722.66,-0.0234109878,-0.0245213498,-0.0240035759,-40.84,-42.06,-41.35,-3,10.044,15.688,0.640234574,39.03311052,0.00
2020.00,10,27,1,1785.32,1757.3,1764.01,-0.0132245200,-0.0100381267,-0.0062357923,-23.61,-17.64,-11,-2,10.044,12.047,0.83373454,45.46647956,0.00
2020.00,10,26,0,1808.93,1774.94,1775.01,-0.0116975228,-0.0222486394,-0.0253125335,-21.16,-39.49,-44.93,-1,10.595,10.76222222,0.98446211,49.6085113,0.00
2020.00,10,23,4,1830.09,1814.43,1819.94,0.0064423061,0.0124667251,0.0020055606,11.79,22.62,3.65,1,12.78142857,9.4625,1.350745424,57.46030217,0.00
2020.00,10,22,3,1818.3,1791.81,1816.29,-0.0172193807,-0.0132714964,-0.0024390378,-31.31,-23.78,-4.43,-2,12.94666667,11.26444444,1.14933912,53.47407067,1.00
2020.00,10,21,2,1849.61,1815.59,1820.72,-0.0025627024,-0.0116546137,-0.0114624984,-4.74,-21.16,-20.87,-1,11.19857143,8.75875,1.278558177,56.11259742,0.00
2020.00,10,20,1,1854.35,1836.75,1841.59,0.0015746758,0.0016605417,0.0000000000,2.92,3.05,0,1,11.19857143,8.2925,1.350445756,57.45487861,0.00
2020.00,10,19,0,1851.43,1833.7,1841.59,0.0052553972,0.0119321590,0.0034155268,9.73,21.88,6.29,2,11.54571429,8.2925,1.392308024,58.1993627,1.00
2020.00,10,16,4,1841.7,1811.82,1835.3,0.0090188413,0.0051329602,0.0121778456,16.61,9.3,22.35,1,16.98428571,8.2925,2.048150222,67.19321794,1.00
2020.00,10,15,3,1825.09,1802.52,1812.95,-0.0131007238,-0.0171815015,-0.0153892827,-23.91,-30.97,-27.9,-1,14.62571429,8.2925,1.763727981,63.81698898,1.00
2020.00,10,14,2,1849,1833.49,1840.85,-0.0038831801,0.0007253926,0.0040144498,-7.18,1.33,7.39,1,14.62571429,8.48875,1.722952647,63.27516011,0.00
2020.00,10,13,1,1856.18,1832.16,1833.46,-0.0008350483,-0.0049668151,-0.0119609918,-1.55,-9.1,-21.93,-1,15.44375,8.675714286,1.780112794,64.0302364,1.00
2020.00,10,12,0,1857.73,1841.26,1855.39,0.0049361317,0.0026938075,0.0082570241,9.17,4.96,15.32,1,15.44375,12.59142857,1.226528818,55.08703988,0.00
2020.00,10,9,4,1848.56,1836.3,1840.07,-0.0012225732,0.0013723248,-0.0007227986,-2.26,2.52,-1.33,-1,16.34,14.1475,1.154974377,53.59573596,1.00
2020.00,10,8,3,1850.82,1833.78,1841.4,-0.0001728963,-0.0014341960,0.0011838818,-0.32,-2.63,2.18,2,15.6425,15.84571429,0.987175442,49.67731691,0.00
2020.00,10,7,2,1851.14,1836.41,1839.22,-0.0023931199,0.0014212512,0.0000380596,-4.43,2.61,0.07,1,15.6425,16.20571429,0.965245945,49.11578357,1.00
2020.00,10,6,1,1855.57,1833.8,1839.15,0.0071945548,0.0030155960,-0.0002881766,13.35,5.53,-0.53,-1,15.02333333,18.16833333,0.826896615,45.26236505,1.00
2020.00,10,5,0,1842.22,1828.27,1839.68,0.0140591243,0.0205604205,0.0141274569,25.9,37.59,25.99,1,14.92,18.16833333,0.821209063,45.09142195,0.00
2020.00,10,2,4,1816.32,1790.68,1813.69,-0.0141384778,-0.0196070766,-0.0090147710,-25.68,-35.11,-16.35,-1,12.59222222,18.16833333,0.693086261,40.93626397,1.00
2020.00,10,1,3,1842,1825.79,1830.04,0.0003854506,0.0027330635,0.0003497191,0.71,4.99,0.64,1,12.59222222,14.18166667,0.887922592,47.0317266,0.00
2020.00,9,30,2,1841.29,1820.8,1829.4,-0.0005485285,-0.0038389719,-0.0039357166,-1.01,-6.99,-7.2,-1,12.61777778,14.18166667,0.889724605,47.08223636,1.00
2020.00,9,29,1,1842.3,1827.79,1836.6,0.0029039787,0.0115002271,0.0010671894,5.35,21.02,1.96,3,12.513,16.816,0.74411275,42.66425722,0.00
2020.00,9,28,0,1836.95,1806.77,1834.64,0.0260213942,0.0245410318,0.0276730040,47.8,44.34,50.77,2,12.012,16.816,0.714319696,41.66782295,1.00
2020.00,9,25,4,1789.15,1762.43,1783.87,0.0000558925,-0.0028596880,0.0035652822,0.1,-5.04,6.36,1,8.113,16.816,0.482457184,32.54442617,1.00
2020.00,9,24,3,1789.05,1767.47,1777.51,-0.0142421956,-0.0125772998,-0.0101996613,-25.48,-22.23,-18.13,-1,9.003333333,17.87,0.503823913,33.50285289,1.00
2020.00,9,23,2,1814.53,1789.7,1795.64,0.0116669330,0.0071799743,0.0076407298,21.17,12.85,13.72,2,9.177,16.348,0.561353071,35.95298727,0.00
2020.00,9,22,1,1793.36,1776.85,1781.92,-0.0161484588,0.0040127191,0.0063470863,-28.96,7.13,11.31,1,8.857,16.348,0.541778811,35.1398532,1.00
2020.00,9,21,0,1822.32,1769.72,1770.61,-0.0137407261,-0.0346212960,-0.0365693179,-25.04,-61.27,-64.75,-1,8.857,11.908,0.74378569,42.65350349,1.00
2020.00,9,18,4,1847.36,1830.99,1835.36,0.0058245280,0.0085145195,0.0008772121,10.76,15.59,1.61,1,8.857,7.746,1.143428867,53.34578088,0.00
2020.00,9,17,3,1836.6,1815.4,1833.75,-0.0015463356,-0.0031342955,-0.0024594410,-2.84,-5.69,-4.51,-1,8.645555556,7.708333333,1.121585586,52.86544145,1.00
2020.00,9,16,2,1839.44,1821.09,1838.26,0.0054744922,0.0109989072,0.0105860977,10.07,20.03,19.46,3,8.454,8.682,0.97373877,49.33473389,0.00
2020.00,9,15,1,1829.37,1801.06,1818.8,0.0067892225,0.0030648618,0.0088574885,12.42,5.52,16.11,2,8.274444444,8.716666667,0.949267049,48.69866597,1.00
2020.00,9,14,0,1816.95,1795.54,1802.69,0.0027243457,0.0018545953,0.0006823137,4.95,3.33,1.23,1,8.572222222,8.716666667,0.983428936,49.58226221,1.00
2020.00,9,11,4,1812,1792.21,1801.46,-0.0009713024,-0.0001227535,-0.0007715964,-1.76,-0.22,-1.39,-2,10.93888889,8.716666667,1.254939452,55.65291125,1.00
2020.00,9,10,3,1813.76,1792.43,1802.85,0.0005182604,0.0072806190,-0.0053970103,0.94,13.05,-9.73,-1,10.279,10.108,1.016917293,50.4193849,0.00
2020.00,9,9,2,1812.82,1779.38,1812.58,0.0063823215,0.0061538289,0.0165399596,11.57,10.95,29.98,1,11.31666667,10.82166667,1.045741568,51.11797034,0.00
2020.00,9,8,1,1801.25,1768.43,1782.6,0.0001887578,-0.0031157580,-0.0093458992,0.34,-5.51,-16.66,-1,11.285,9.917142857,1.137928551,53.22575211,1.00
2020.00,9,7,0,1800.91,1773.94,1799.26,0.0048919713,0.0143014984,0.0207140713,8.81,25.37,37.27,2,12.09125,9.917142857,1.219227168,54.9392683,0.00
2020.00,9,4,4,1792.1,1748.57,1761.99,-0.0129122259,-0.0038602973,0.0007832054,-23.14,-6.75,1.38,1,12.56,9.70875,1.293678383,56.4019085,1.00
2020.00,9,3,3,1815.24,1755.32,1760.61,0.0059165730,-0.0126871454,-0.0126376654,10.74,-22.27,-22.25,-1,12.56,8.56,1.46728972,59.46969697,1.00
2020.00,9,2,2,1804.5,1777.59,1782.86,0.0099584372,0.0118587526,0.0075272315,17.97,21.08,13.42,2,11.72285714,8.56,1.369492657,57.7968728,0.00
2020.00,9,1,1,1786.53,1756.51,1769.44,-0.0037838715,-0.0055906314,0.0017576182,-6.76,-9.82,3.11,1,10.68166667,7.821111111,1.365747976,57.73007056,1.00
2020.00,8,31,0,1793.29,1766.33,1766.33,-0.0023587931,-0.0023608273,-0.0057973312,-4.23,-4.17,-10.24,-3,14.56142857,7.95375,1.830762668,64.67383115,1.00
2020.00,8,28,4,1797.52,1770.5,1776.57,-0.0041835418,-0.0120926292,-0.0097941539,-7.52,-21.41,-17.4,-2,13.85875,8.485714286,1.633186027,62.02319207,0.00
2020.00,8,27,3,1805.04,1791.91,1793.97,0.0037284492,0.0086946331,-0.0024192155,6.73,15.58,-4.34,-1,13.85875,8.071428571,1.717013274,63.19487985,0.00
2020.00,8,26,2,1798.31,1776.33,1798.31,-0.0049435303,-0.0055226225,0.0066951749,-8.89,-9.81,12.04,1,14.87714286,7.15,2.080719281,67.54004799,0.00
2020.00,8,25,1,1807.2,1786.14,1786.27,0.0083554670,0.0113037052,-0.0011924289,15.1,20.19,-2.13,-1,14.87714286,6.7,2.220469083,68.94862288,1.00
2020.00,8,24,0,1792.1,1765.95,1788.4,0.0146476201,0.0152778958,0.0197215388,26.25,26.98,35.27,2,13.49142857,6.7,2.013646055,66.81760294,0.00
2020.00,8,21,4,1765.85,1738.97,1753.13,0.0024577399,-0.0024899797,0.0006844900,4.34,-4.33,1.2,1,11.54285714,6.7,1.722814499,63.27329679,1.00
2020.00,8,20,3,1761.51,1743.3,1751.93,-0.0081691276,-0.0083978661,-0.0133053261,-14.39,-14.64,-23.31,-1,12.74333333,8.15,1.563599182,60.99234205,1.00
2020.00,8,19,2,1775.9,1757.94,1775.24,-0.0025282955,0.0014164306,0.0085340574,-4.49,2.49,15.15,1,12.74333333,6.96,1.830938697,64.67602774,0.00
2020.00,8,18,1,1780.39,1755.45,1760.09,0.0038137711,0.0000968413,-0.0076359732,6.79,0.17,-13.44,-1,12.74333333,6.642222222,1.918534627,65.73622972,1.00
2020.00,8,17,0,1773.6,1755.28,1773.53,-0.0046515562,0.0047855613,0.0108991672,-8.25,8.4,19.33,1,11.71666667,6.642222222,1.763967882,63.82012952,0.00
2020.00,8,14,4,1781.85,1746.88,1754.2,-0.0078289418,-0.0188393021,-0.0185839699,-13.95,-32.91,-32.6,-2,10.21285714,6.44125,1.58553963,61.32335438,1.00
2020.00,8,13,3,1795.8,1779.79,1786.8,0.0027174518,0.0037307772,-0.0012256548,4.88,6.64,-2.19,-1,10.21285714,8.58625,1.189443254,54.32628829,0.00
2020.00,8,12,2,1790.92,1773.15,1788.99,-0.0010664910,0.0070552407,0.0015148212,-1.91,12.51,2.71,4,11.06857143,8.58625,1.289104257,56.31479008,0.00
2020.00,8,11,1,1792.83,1760.64,1786.28,0.0211062956,0.0116094148,0.0209205724,37.84,20.44,37.37,3,11.06857143,10.28625,1.076055067,51.83172084,1.00
2020.00,8,10,0,1754.99,1740.2,1748.91,0.0050940461,0.0057809447,0.0048315808,8.94,10.06,8.45,2,7.15,10.28625,0.695102686,41.00652377,1.00
2020.00,8,7,4,1746.05,1730.14,1740.46,-0.0026459723,-0.0002080756,0.0007584202,-4.62,-0.36,1.32,1,6.748571429,10.28625,0.65607694,39.61633209,1.00
2020.00,8,6,3,1750.67,1730.5,1739.14,-0.0003998469,-0.0032533950,-0.0036512299,-0.7,-5.63,-6.35,-1,8.30125,11.09571429,0.748149221,42.79664528,1.00
2020.00,8,5,2,1751.37,1736.13,1745.49,-0.0030204925,0.0055065001,0.0064394525,-5.29,9.56,11.24,1,8.30125,12.44285714,0.667149828,40.01738876,0.00
2020.00,8,4,1,1756.66,1726.57,1734.25,0.0030740155,0.0140393960,-0.0069597809,5.4,24.24,-12.07,-1,10.71888889,13.635,0.786130465,44.01304834,1.00
2020.00,8,3,0,1751.26,1702.33,1746.32,0.0072005299,-0.0023849665,0.0223154977,12.61,-4.06,38.97,1,11.38375,12.14142857,0.937595599,48.38964332,0.00
2020.00,7,31,4,1738.65,1706.39,1707.35,-0.0113593880,-0.0030942516,-0.0075731397,-19.75,-5.28,-12.93,-2,13.81625,12.14142857,1.137942699,53.22606165,1.00
2020.00,7,30,3,1758.4,1711.67,1720.28,-0.0020928116,-0.0226387096,-0.0234264190,-3.68,-38.75,-40.3,-1,13.81625,10.83285714,1.275402215,56.05172601,0.00
2020.00,7,29,2,1762.08,1750.42,1760.58,-0.0009250431,0.0033934713,0.0035954061,-1.63,5.94,6.33,1,13.81625,10.54571429,1.310129369,56.71238098,0.00
2020.00,7,28,1,1763.71,1744.48,1754.25,0.0003572016,-0.0006362928,-0.0034544677,0.63,-1.11,-6.06,-1,12.37444444,12.03166667,1.028489634,50.7022376,1.00
2020.00,7,27,0,1763.08,1745.59,1760.31,0.0006749552,0.0031851695,0.0057205833,1.19,5.56,10.07,1,13.8425,11.41571429,1.212582906,54.80395345,0.00
2020.00,7,24,4,1761.89,1740.03,1750.24,-0.0176571750,-0.0206835514,-0.0176318676,-31.11,-35.99,-30.86,-1,16.39375,11.41571429,1.436068702,58.9502546,1.00
2020.00,7,23,3,1793,1776.02,1781.1,0.0060624651,0.0061091654,0.0007018135,10.87,10.85,1.25,2,15.25222222,8.133333333,1.875273224,65.22069654,0.00
2020.00,7,22,2,1782.13,1765.17,1779.85,-0.0087030688,-0.0045548021,0.0025058291,-15.51,-8.04,4.46,1,15.88888889,8.133333333,1.953551913,66.14246068,1.00
2020.00,7,21,1,1797.64,1773.21,1775.39,0.0057909259,0.0038856086,-0.0051537972,10.41,6.89,-9.15,-1,15.168,6.658,2.27816161,69.49509759,1.00
2020.00,7,20,0,1787.23,1766.32,1784.54,0.0034298887,0.0038271661,0.0080637027,6.13,6.76,14.39,2,14.595,6.658,2.19209973,68.67265798,0.00
2020.00,7,17,4,1781.1,1759.56,1770.15,0.0107630116,0.0064106936,0.0088128125,19.17,11.28,15.6,1,15.53555556,8.071666667,1.924702319,65.8084861,1.00
2020.00,7,16,3,1761.93,1748.28,1754.55,-0.0057493771,0.0032031482,-0.0075802912,-10.13,5.6,-13.3,-1,16.45333333,8.071666667,2.038405947,67.08800544,1.00
2020.00,7,15,2,1772.06,1742.68,1767.85,0.0169633082,0.0110232515,0.0165455214,30.06,19.21,29.25,1,16.45333333,9.606666667,1.712699514,63.13635201,0.00
2020.00,7,14,1,1742,1723.47,1738.6,-0.0018254879,0.0003075191,-0.0023754745,-3.18,0.53,-4.13,-1,14.7525,10.04142857,1.469163466,59.50045374,1.00
2020.00,7,13,0,1745.18,1722.94,1742.73,0.0183763279,0.0185380803,0.0178513023,32.07,31.94,31.11,2,15.95111111,11.185,1.426116326,58.78186099,0.00
2020.00,7,10,4,1713.11,1691,1711.62,-0.0061817396,-0.0034535778,0.0080508524,-10.59,-5.84,13.78,1,13.93625,10.84285714,1.285293149,56.24193769,1.00
2020.00,7,9,3,1723.7,1696.84,1697.84,-0.0009688461,-0.0052391504,-0.0086521698,-1.67,-8.89,-14.69,-3,13.93625,10.95142857,1.272550874,55.99658466,1.00
2020.00,7,8,2,1725.37,1705.73,1712.53,0.0004868521,-0.0033709907,-0.0046247365,0.84,-5.75,-7.92,-2,13.70666667,12.49833333,1.096679557,52.30553966,0.00
2020.00,7,7,1,1724.53,1711.48,1720.45,-0.0044765820,-0.0015834249,-0.0060623674,-7.72,-2.71,-10.43,-1,19.90888889,12.49833333,1.592923501,61.43349391,0.00
2020.00,7,6,0,1732.25,1714.19,1730.88,0.0124693318,0.0132307387,0.0205791274,21.6,22.68,35.62,1,19.90888889,13.52666667,1.471825201,59.54406487,0.00
2020.00,7,3,4,1710.65,1691.51,1695.26,0.0035775875,0.0051610691,-0.0050493730,6.12,8.73,-8.56,-1,19.6975,15,1.313166667,56.76921968,1.00
2020.00,7,2,3,1704.53,1682.78,1703.82,0.0097387550,0.0148563686,0.0168914557,16.6,25,28.78,2,21.63714286,20.35625,1.062923812,51.52511237,0.00
2020.00,7,1,2,1687.93,1657.78,1675.04,0.0051423933,0.0027446344,0.0063640271,8.68,4.55,10.66,1,22.47666667,18.73333333,1.199822064,54.54177789,1.00
2020.00,6,30,1,1679.25,1653.23,1664.38,0.0027869585,0.0013972647,-0.0042958940,4.68,2.31,-7.15,-1,25.236,17.604,1.433537832,58.90756303,1.00
2020.00,6,29,0,1674.57,1650.92,1671.53,-0.0090411270,-0.0040462288,0.0082977871,-15.14,-6.68,13.87,1,30.375,16.14636364,1.881228534,65.29258308,0.00
2020.00,6,26,4,1689.71,1657.6,1657.66,0.0162335549,0.0191361004,-0.0019907581,27.43,31.72,-3.3,-1,28.71,16.247,1.767095464,63.86102276,1.00
2020.00,6,25,3,1662.28,1625.88,1660.96,-0.0116346223,-0.0098162226,0.0108672093,-19.34,-15.96,18.05,1,29.03,14.89090909,1.9495116,66.0960818,0.00
2020.00,6,24,2,1681.62,1641.84,1642.91,-0.0075225081,-0.0157871656,-0.0246209470,-12.65,-25.92,-40.45,-1,29.47,14.446,2.040011076,67.105383,1.00
2020.00,6,23,1,1694.27,1667.76,1683.36,0.0150743388,0.0122919365,0.0152373824,25.54,20.5,25.65,1,29.13333333,14.64555556,1.989226918,66.54653435,0.00
2020.00,6,22,0,1668.73,1647.26,1657.71,-0.0052674789,-0.0071512694,-0.0061651314,-8.79,-11.78,-10.22,-2,25.78166667,14.64555556,1.760374782,63.77303522,1.00
2020.00,6,18,3,1677.52,1659.04,1667.93,-0.0067659402,-0.0079684637,-0.0057556372,-11.35,-13.22,-9.6,-1,25.78166667,15.13777778,1.703134175,63.00590591,0.00
2020.00,6,17,2,1688.87,1672.26,1677.53,0.0070283681,0.0171743628,0.0033918917,11.87,28.72,5.69,4,25.71,15.61125,1.646889263,62.21980216,0.00
2020.00,6,16,1,1677,1643.54,1671.84,0.0337865236,0.0438383003,0.0333165853,56.66,72.05,55.7,3,27.45142857,15.61125,1.758438855,63.74761042,1.00
2020.00,6,15,0,1620.34,1571.49,1616.14,-0.0085722750,-0.0119249884,0.0043746210,-13.89,-18.74,7.07,2,21.86714286,15.61125,1.400729785,58.34599936,1.00
2020.00,6,12,4,1634.23,1590.23,1609.07,-0.0145879099,-0.0118410544,0.0000062148,-23.84,-18.83,0.01,1,23.145,15.85714286,1.459594595,59.34289325,1.00
2020.00,6,11,3,1658.07,1609.06,1609.06,-0.0348899624,-0.0486246628,-0.0517444968,-57.85,-78.24,-83.26,-4,23.145,13.19571429,1.753978564,63.68889675,1.00
2020.00,6,10,2,1715.92,1687.3,1692.32,-0.0033509721,0.0028151485,-0.0025881630,-5.75,4.75,-4.38,-3,23.145,6.594285714,3.509857019,77.82634802,0.00
2020.00,6,9,1,1721.67,1682.55,1696.7,-0.0043213856,-0.0165106535,-0.0123533919,-7.44,-27.78,-20.96,-2,21.76333333,6.735,3.231378372,76.36703901,0.00
2020.00,6,8,0,1729.11,1710.33,1717.66,-0.0009079816,0.0024556665,-0.0074811080,-1.57,4.2,-12.85,-1,25.364,6.594,3.846527146,79.36666875,0.00
2020.00,6,5,4,1730.68,1706.13,1730.51,0.0127406569,0.0094131162,0.0173532658,22.05,16.06,30.03,1,25.364,7.214,3.515941225,77.85622199,0.00
2020.00,6,4,3,1708.63,1690.07,1700.48,-0.0007784014,0.0044672706,-0.0055748965,-1.33,7.55,-9.48,-1,25.73222222,12.415,2.072671947,67.45503532,1.00
2020.00,6,3,2,1709.96,1682.52,1709.96,0.0182635851,0.0168259515,0.0251350909,31.23,28.31,42.98,3,25.73222222,15.69,1.640039657,62.12178112,0.00
2020.00,6,2,1,1678.73,1654.21,1666.98,0.0163516468,0.0127855593,0.0105580151,27.45,21.15,17.6,2,22.29333333,15.69,1.420862545,58.69240895,1.00
2020.00,6,1,0,1651.28,1633.06,1649.38,0.0032883581,0.0045068767,0.0118953789,5.43,7.36,19.62,1,20.08555556,15.69,1.280150131,56.14323871,1.00
2020.00,5,29,4,1645.85,1625.7,1629.76,-0.0080323237,-0.0031617150,-0.0170699980,-13.22,-5.14,-27.82,-1,22.16,15.69,1.412364563,58.54689564,1.00
2020.00,5,28,3,1659.07,1630.84,1657.58,0.0152374523,0.0148880332,0.0206264554,25.28,24.28,34.19,4,20.244,16.184,1.250865052,55.57263643,0.00
2020.00,5,27,2,1633.79,1606.56,1623.39,0.0147264948,0.0076125386,0.0103117550,24.06,12.23,16.74,3,19.68444444,13.795,1.42692602,58.79561256,1.00
2020.00,5,26,1,1609.73,1594.33,1606.65,0.0109148739,0.0185532481,0.0112345564,17.57,29.58,18.05,2,17.83444444,13.795,1.29281946,56.38557603,1.00
2020.00,5,25,0,1592.16,1564.75,1588.6,0.0201550095,0.0199776322,0.0208422510,32.09,31.26,33.11,1,16.11978261,13.795,1.168523567,53.88567525,1.00
2020.00,5,22,4,1560.07,1533.49,1555.49,-0.0033395937,-0.0041408813,-0.0006107400,-5.21,-6.35,-0.95,-3,14.12350543,13.795,1.02381337,50.58832919,1.00
2020.00,5,20,2,1565.28,1539.84,1556.44,-0.0074363692,-0.0038445553,-0.0024671687,-11.64,-5.92,-3.84,-2,14.12350543,15.512,0.910489004,47.65737998,0.00
2020.00,5,19,1,1576.92,1545.76,1560.28,0.0067917206,0.0168719594,-0.0037685544,10.71,26.08,-5.88,-1,14.12350543,16.48,0.857008825,46.14995973,0.00
2020.00,5,18,0,1566.21,1519.68,1566.16,0.0368852197,0.0248670773,0.0463171068,57.77,37.79,72.54,2,14.61114907,16.48,0.886598851,46.99456117,0.00
2020.00,5,15,4,1508.44,1481.89,1493.62,-0.0030959137,0.0139214112,0.0114486951,-4.67,20.63,17.1,1,7.418007246,16.48,0.450121799,31.04027532,1.00
2020.00,5,14,3,1513.11,1461.26,1476.52,-0.0253914124,-0.0416421445,-0.0312356081,-38.42,-60.85,-46.12,-2,7.418007246,20.41666667,0.363330967,26.65023944,1.00
2020.00,5,13,2,1551.53,1522.11,1522.64,-0.0135221362,-0.0142302462,-0.0311235748,-20.98,-21.66,-47.39,-1,7.418007246,11.415,0.649847328,39.38833108,0.00
2020.00,5,12,1,1572.51,1543.77,1570.03,0.0001780593,0.0010558568,0.0086240390,0.28,1.63,13.54,1,7.418007246,1.85,4.009733647,80.03885894,0.00
2020.00,5,11,0,1572.23,1542.14,1556.49,0.0048211776,-0.0031514648,-0.0043045570,7.58,-4.86,-6.7,-1,8.845608696,1.85,4.781410106,82.70318172,1.00
2020.00,5,8,4,1564.65,1547,1563.19,0.0154028057,0.0147123465,0.0162808104,24.1,22.76,25.45,2,9.16201087,1.85,4.952438308,83.20016188,0.00
2020.00,5,7,3,1540.55,1524.24,1537.74,0.0019473565,0.0023159083,0.0106259836,3,3.53,16.34,1,4.182681159,1.85,2.260908735,69.3337017,1.00
2020.00,5,6,2,1537.55,1520.71,1521.4,-0.0012032129,0.0034852141,-0.0110293151,-1.85,5.3,-16.78,-1,4.774021739,1.85,2.580552291,72.0713477,1.00
